Date,Stock_Close,Stock_Dividends,r,RV,Call_Close,Call_Sym,Put_Close,Put_Sym,Call_imp_vol,Put_imp_vol,Force_Close
2024-05-01,421.5199890136719,0.0,0.0547,0.19153990184405734,11.43,O:QQQ240607C00422000,9.21,O:QQQ240607P00422000,0.1962328622856643,0.18931881518264768,False
2024-05-02,426.8999938964844,0.0,0.055099999999999996,0.1922114693002463,14.1,O:QQQ240607C00422000,6.95,O:QQQ240607P00422000,0.1905960316021244,0.19129491785844593,False
2024-05-03,435.4800109863281,0.0,0.055099999999999996,0.20153333751041427,19.64,O:QQQ240607C00422000,3.8,O:QQQ240607P00422000,0.18682959990588327,0.18362609461522983,False
2024-05-06,440.25,0.0,0.055099999999999996,0.20559627361682986,,O:QQQ240607C00422000,2.63,O:QQQ240607P00422000,,0.18765581130454645,False
2024-05-07,440.32000732421875,0.0,0.055099999999999996,0.20514405475032318,,O:QQQ240607C00422000,2.39,O:QQQ240607P00422000,,0.18368272963141213,False
2024-05-08,440.05999755859375,0.0,0.055099999999999996,0.20264225655192533,21.73,O:QQQ240607C00422000,2.37,O:QQQ240607P00422000,0.16538172497498344,0.18432561270825387,False
2024-05-09,441.0199890136719,0.0,0.055099999999999996,0.19421057948495896,,O:QQQ240607C00422000,1.88,O:QQQ240607P00422000,,0.17676598622817302,False
2024-05-10,442.05999755859375,0.0,0.055099999999999996,0.18547861805334706,23.12,O:QQQ240607C00422000,1.75,O:QQQ240607P00422000,0.16320971575867993,0.18058174481619954,False
2024-05-13,443.0799865722656,0.0,0.055,0.174366013994598,23.87,O:QQQ240607C00422000,1.52,O:QQQ240607P00422000,0.17369532957241643,0.1867328118947305,False
2024-05-14,445.92999267578125,0.0,0.055,0.17516973410291978,,O:QQQ240607C00422000,1.16,O:QQQ240607P00422000,,0.189681509114554,False
2024-05-15,452.8999938964844,0.0,0.054900000000000004,0.1736207936180853,30.04,O:QQQ240607C00422000,0.55,O:QQQ240607P00422000,1.0,0.19094078754966384,False
2024-05-16,451.9800109863281,0.0,0.055099999999999996,0.17161517737567417,,O:QQQ240607C00422000,0.46,O:QQQ240607P00422000,,0.18360070400892023,False
2024-05-17,451.760009765625,0.0,0.055,0.14739330176224827,32.41,O:QQQ240607C00422000,0.45,O:QQQ240607P00422000,0.24102110686904724,0.18574011635786528,False
2024-05-20,454.9100036621094,0.0,0.055,0.14620746225886413,34.31,O:QQQ240607C00422000,0.31,O:QQQ240607P00422000,0.19309604053968743,0.19972633862403552,False
2024-05-21,455.79998779296875,0.0,0.055,0.1407145829303224,,O:QQQ240607C00422000,0.24,O:QQQ240607P00422000,,0.19990431576995957,False
2024-05-22,455.7099914550781,0.0,0.054900000000000004,0.1413378883478085,35.75,O:QQQ240607C00422000,0.32,O:QQQ240607P00422000,0.2787910443667936,0.21628853066841602,False
2024-05-23,453.6600036621094,0.0,0.055099999999999996,0.14108801885205857,33.0,O:QQQ240607C00422000,0.24,O:QQQ240607P00422000,0.22070038748494344,0.20181361913055526,False
2024-05-24,457.95001220703125,0.0,0.0556,0.13580870345256585,35.82,O:QQQ240607C00422000,0.21,O:QQQ240607P00422000,1.0,0.22474606444326978,False
2024-05-28,459.67999267578125,0.0,0.055,0.135785122991127,37.19,O:QQQ240607C00422000,0.15,O:QQQ240607P00422000,1.0,0.25970852738483896,False
2024-05-29,456.44000244140625,0.0,0.055,0.1154578356780996,,O:QQQ240607C00422000,0.15,O:QQQ240607P00422000,,0.25458871564157176,False
2024-05-30,451.54998779296875,0.0,0.0548,0.12036780360808315,,O:QQQ240607C00422000,0.13,O:QQQ240607P00422000,,0.2334087298986355,False
2024-05-31,450.7099914550781,0.0,0.0548,0.11653109714356207,23.85,O:QQQ240607C00422000,0.09,O:QQQ240607P00422000,1.0,0.23009940293286396,True
2024-06-03,453.1300048828125,0.0,0.054900000000000004,0.09763222180674465,10.41,O:QQQ240705C00451000,6.82,O:QQQ240705P00451000,0.15177987762162867,0.16527975533973477,False
2024-06-04,454.3699951171875,0.0,0.0548,0.09182943704095485,11.07,O:QQQ240705C00451000,6.25,O:QQQ240705P00451000,0.1532829068511474,0.16595350004768805,False
2024-06-05,463.5299987792969,0.0,0.0548,0.11274254899543036,16.49,O:QQQ240705C00451000,3.7,O:QQQ240705P00451000,0.13238779804355993,0.17648247035954626,False
2024-06-06,463.3699951171875,0.0,0.0548,0.1126539283294873,16.65,O:QQQ240705C00451000,3.53,O:QQQ240705P00451000,0.14384192846275873,0.17403357935638888,False
2024-06-07,462.9599914550781,0.0,0.0547,0.11333162528970235,17.95,O:QQQ240705C00451000,3.25,O:QQQ240705P00451000,0.18778365941312358,0.16727430956962308,False
2024-06-10,464.8299865722656,0.0,0.0547,0.11346967111910668,,O:QQQ240705C00451000,2.75,O:QQQ240705P00451000,,0.1740425480667149,False
2024-06-11,468.0199890136719,0.0,0.0546,0.11449406778482427,19.38,O:QQQ240705C00451000,1.89,O:QQQ240705P00451000,0.12637809203076825,0.1699865076515369,False
2024-06-12,474.1499938964844,0.0,0.0547,0.1196530877845345,,O:QQQ240705C00451000,1.1,O:QQQ240705P00451000,,0.17522166581055595,False
2024-06-13,476.7200012207031,0.0,0.0547,0.11061926742918349,27.86,O:QQQ240705C00451000,0.85,O:QQQ240705P00451000,0.1676632141887572,0.17876484084842437,False
2024-06-14,479.19000244140625,0.0,0.0547,0.10958142718545476,28.87,O:QQQ240705C00451000,0.78,O:QQQ240705P00451000,1.0,0.19026973126406943,False
2024-06-17,485.05999755859375,0.0,0.0545,0.11353864313430709,36.22,O:QQQ240705C00451000,0.45,O:QQQ240705P00451000,0.24462759273550724,0.20694660613908353,False
2024-06-18,485.2099914550781,0.0,0.054000000000000006,0.11336651520862881,,O:QQQ240705C00451000,0.33,O:QQQ240705P00451000,,0.20071632449215515,False
2024-06-20,481.4700012207031,0.0,0.0542,0.11983870681461894,34.59,O:QQQ240705C00451000,0.46,O:QQQ240705P00451000,0.35471499481742763,0.2087778041055954,False
2024-06-21,480.17999267578125,0.0,0.0542,0.12097231843339484,30.5,O:QQQ240705C00451000,0.31,O:QQQ240705P00451000,0.20130689151275954,0.1929684701995224,False
2024-06-24,473.9599914550781,0.762,0.0542,0.13091001528268487,,O:QQQ240705C00451000,0.32,O:QQQ240705P00451000,,0.18194345805566647,False
2024-06-25,479.3800048828125,0.0,0.054299999999999994,0.13253875279947097,,O:QQQ240705C00451000,0.21,O:QQQ240705P00451000,,0.20644947293072088,False
2024-06-26,480.3699951171875,0.0,0.054400000000000004,0.1324287035628722,30.24,O:QQQ240705C00451000,0.14,O:QQQ240705P00451000,0.23276360358008508,0.20837143636696662,False
2024-06-27,481.6099853515625,0.0,0.0548,0.12780452269853848,,O:QQQ240705C00451000,0.09,O:QQQ240705P00451000,,0.2131583777463994,False
2024-06-28,479.1099853515625,0.0,0.0547,0.12145233984237486,28.96,O:QQQ240705C00451000,0.04,O:QQQ240705P00451000,0.27229541205243546,0.1900353882032189,True
2024-07-01,481.9200134277344,0.0,0.0548,0.12044846705696576,10.18,O:QQQ240802C00482000,7.6,O:QQQ240802P00482000,0.15892078549652067,0.15269836486558083,False
2024-07-02,486.9800109863281,0.0,0.0548,0.12292321811650342,13.0,O:QQQ240802C00482000,5.91,O:QQQ240802P00482000,0.15900180368190975,0.16137466099566147,False
2024-07-03,491.0400085449219,0.0,0.054900000000000004,0.12398203115315477,15.65,O:QQQ240802C00482000,4.47,O:QQQ240802P00482000,0.16130496679138898,0.161888035073272,False
2024-07-05,496.1600036621094,0.0,0.0548,0.11122779467595256,19.55,O:QQQ240802C00482000,3.29,O:QQQ240802P00482000,0.1726626951868664,0.17078414757822363,False
2024-07-08,497.3399963378906,0.0,0.0548,0.11041881492700698,20.0,O:QQQ240802C00482000,2.88,O:QQQ240802P00482000,0.1750663037850364,0.17571044092193658,False
2024-07-09,497.7699890136719,0.0,0.0545,0.10965538643315413,19.76,O:QQQ240802C00482000,2.91,O:QQQ240802P00482000,0.1643125384125406,0.18211969437197909,False
2024-07-10,502.9599914550781,0.0,0.0546,0.11226576431102746,25.11,O:QQQ240802C00482000,1.96,O:QQQ240802P00482000,0.2028705711297144,0.1858716197633975,False
2024-07-11,491.92999267578125,0.0,0.0548,0.14436989355706797,15.58,O:QQQ240802C00482000,3.96,O:QQQ240802P00482000,0.18121515064130386,0.17874808888179783,False
2024-07-12,494.82000732421875,0.0,0.0547,0.1395564354921933,15.7,O:QQQ240802C00482000,2.91,O:QQQ240802P00482000,0.12854607173566085,0.17471331533272652,False
2024-07-15,496.1499938964844,0.0,0.0548,0.13904921870758052,20.37,O:QQQ240802C00482000,2.78,O:QQQ240802P00482000,0.25332438663221213,0.1923984700135593,False
2024-07-16,496.3399963378906,0.0,0.0548,0.138652301323963,15.8,O:QQQ240802C00482000,2.8,O:QQQ240802P00482000,0.09283626944232196,0.19939593519536264,False
2024-07-17,481.7699890136719,0.0,0.0547,0.17174857525184306,8.71,O:QQQ240802C00482000,7.48,O:QQQ240802P00482000,0.20505088156826792,0.19741610714088062,False
2024-07-18,479.489990234375,0.0,0.0548,0.17244856747746423,7.33,O:QQQ240802C00482000,7.9,O:QQQ240802P00482000,0.2066744542012691,0.18454647279866107,False
2024-07-19,475.239990234375,0.0,0.0548,0.17313341122524817,5.0,O:QQQ240802C00482000,11.05,O:QQQ240802P00482000,0.20159603305832643,0.21003543111263692,False
2024-07-22,482.32000732421875,0.0,0.054900000000000004,0.1813716910143211,7.44,O:QQQ240802C00482000,6.39,O:QQQ240802P00482000,0.2059081324139898,0.20789984184586885,False
2024-07-23,480.6199951171875,0.0,0.054900000000000004,0.17522782089527336,6.53,O:QQQ240802C00482000,6.87,O:QQQ240802P00482000,0.21587034728053486,0.2059057247926528,False
2024-07-24,463.3800048828125,0.0,0.055,0.21330917473772842,1.58,O:QQQ240802C00482000,17.78,O:QQQ240802P00482000,0.246945218047634,1.0,False
2024-07-25,458.2699890136719,0.0,0.054900000000000004,0.21537106106725537,0.78,O:QQQ240802C00482000,24.12,O:QQQ240802P00482000,0.25356560941391404,0.26894768236309136,False
2024-07-26,462.9700012207031,0.0,0.054900000000000004,0.21934715201867772,0.82,O:QQQ240802C00482000,20.81,O:QQQ240802P00482000,0.23249081657378465,0.3273366861361274,False
2024-07-29,463.8999938964844,0.0,0.055,0.21939450839721947,0.71,O:QQQ240802C00482000,17.93,O:QQQ240802P00482000,0.28681057245650543,0.19436074571191958,False
2024-07-30,457.5299987792969,0.0,0.055,0.22166134633800375,0.13,O:QQQ240802C00482000,23.58,O:QQQ240802P00482000,0.2958843948815165,1.0,False
2024-07-31,471.07000732421875,0.0,0.054900000000000004,0.2455842104408097,0.91,O:QQQ240802C00482000,9.36,O:QQQ240802P00482000,0.3072546415842955,1.0,True
2024-08-01,459.6600036621094,0.0,0.0555,0.25521283962815994,14.66,O:QQQ240906C00460000,12.11,O:QQQ240906P00460000,0.23593210843024007,0.22928777957709603,False
2024-08-02,448.75,0.0,0.0554,0.25983496702898784,9.53,O:QQQ240906C00460000,19.91,O:QQQ240906P00460000,0.24095998854287107,0.26982092079267866,False
2024-08-05,435.3699951171875,0.0,0.0552,0.27271679336418786,7.16,O:QQQ240906C00460000,27.0,O:QQQ240906P00460000,0.3020347664161535,0.24266963983022188,False
2024-08-06,439.5299987792969,0.0,0.055,0.2775277815324035,6.31,O:QQQ240906C00460000,24.19,O:QQQ240906P00460000,0.25987818604396973,0.24988070791632133,False
2024-08-07,434.7699890136719,0.0,0.055,0.27096295319187513,4.73,O:QQQ240906C00460000,19.66,O:QQQ240906P00460000,0.2588088323388121,1.0,False
2024-08-08,448.07000732421875,0.0,0.0555,0.295876402306117,8.5,O:QQQ240906C00460000,18.15,O:QQQ240906P00460000,0.2524051088259803,0.24709634791482293,False
2024-08-09,450.4100036621094,0.0,0.0554,0.2955820862958957,8.04,O:QQQ240906C00460000,15.75,O:QQQ240906P00460000,0.22839680296213857,0.22983152365429133,False
2024-08-12,451.3800048828125,0.0,0.0553,0.29541520711565494,7.88,O:QQQ240906C00460000,15.4,O:QQQ240906P00460000,0.23133125545368435,0.24517724666593071,False
2024-08-13,462.5799865722656,0.0,0.0548,0.31303071674918104,13.36,O:QQQ240906C00460000,8.95,O:QQQ240906P00460000,0.2360874350730562,0.23229075700894072,False
2024-08-14,462.7300109863281,0.0,0.054900000000000004,0.2976554658543763,11.2,O:QQQ240906C00460000,7.38,O:QQQ240906P00460000,0.19249477337197135,0.2034826497896865,False
2024-08-15,474.4200134277344,0.0,0.0553,0.31247309057906064,19.49,O:QQQ240906C00460000,3.72,O:QQQ240906P00460000,0.20697375318069047,0.21188483917002382,False
2024-08-16,475.0299987792969,0.0,0.0553,0.3108769754756132,19.8,O:QQQ240906C00460000,3.19,O:QQQ240906P00460000,0.2089086139339165,0.20545282955538657,False
2024-08-19,481.2699890136719,0.0,0.055099999999999996,0.3098303932103207,23.72,O:QQQ240906C00460000,1.87,O:QQQ240906P00460000,0.1870843505848295,0.21563064933770018,False
2024-08-20,480.260009765625,0.0,0.0548,0.3096521095468037,23.8,O:QQQ240906C00460000,2.09,O:QQQ240906P00460000,0.23427465521384283,0.22371608582041846,False
2024-08-21,482.5,0.0,0.0545,0.2790403575306307,25.1,O:QQQ240906C00460000,1.74,O:QQQ240906P00460000,0.21925504981901883,0.2299107227795919,False
2024-08-22,474.8500061035156,0.0,0.055099999999999996,0.2825723049269054,19.21,O:QQQ240906C00460000,3.16,O:QQQ240906P00460000,0.24255085692086048,0.2371228397400979,False
2024-08-23,480.0,0.0,0.055099999999999996,0.2828103685022439,22.46,O:QQQ240906C00460000,1.73,O:QQQ240906P00460000,0.21628075247400413,0.22741767453983344,False
2024-08-26,475.3399963378906,0.0,0.054900000000000004,0.2858249897640359,18.48,O:QQQ240906C00460000,2.2,O:QQQ240906P00460000,0.24654401715555674,0.23876124062887935,False
2024-08-27,476.760009765625,0.0,0.054900000000000004,0.2802131617694685,18.95,O:QQQ240906C00460000,1.58,O:QQQ240906P00460000,0.22777567371956245,0.2320114808798694,False
2024-08-28,471.3500061035156,0.0,0.0547,0.2643831624197614,15.29,O:QQQ240906C00460000,3.25,O:QQQ240906P00460000,0.2712964640643019,0.2683906121377573,False
2024-08-29,470.6600036621094,0.0,0.054000000000000006,0.2484043730253302,13.4,O:QQQ240906C00460000,1.55,O:QQQ240906P00460000,0.22833351245594966,0.19672612046068244,False
2024-08-30,476.2699890136719,0.0,0.0541,0.23247659994122077,17.49,O:QQQ240906C00460000,0.56,O:QQQ240906P00460000,0.2122946841919553,0.19649103075067112,True
2024-09-03,461.80999755859375,0.0,0.0538,0.2335047988155359,5.2,O:QQQ241004C00476000,17.52,O:QQQ241004P00476000,0.18564647103802476,0.1917741494456359,False
2024-09-04,460.6099853515625,0.0,0.0533,0.23300217163357823,5.06,O:QQQ241004C00476000,18.25,O:QQQ241004P00476000,0.19445822982281832,0.1918773064980561,False
2024-09-05,461.0400085449219,0.0,0.053,0.22779518456461822,4.84,O:QQQ241004C00476000,17.78,O:QQQ241004P00476000,0.19058894740926383,0.19012866676611945,False
2024-09-06,448.69000244140625,0.0,0.0528,0.22678748680106883,1.97,O:QQQ241004C00476000,28.6,O:QQQ241004P00476000,0.19405137064625574,0.23187372723305516,False
2024-09-09,454.4599914550781,0.0,0.0525,0.23063341519490752,2.41,O:QQQ241004C00476000,22.98,O:QQQ241004P00476000,0.1874398748703627,0.20883265516741636,False
2024-09-10,458.6600036621094,0.0,0.0518,0.23265137418982515,3.38,O:QQQ241004C00476000,19.78,O:QQQ241004P00476000,0.1924064927887078,0.2100000561590643,False
2024-09-11,468.6199951171875,0.0,0.0521,0.2286548978463459,6.24,O:QQQ241004C00476000,20.08,O:QQQ241004P00476000,0.1874452731412236,0.3604973282959559,False
2024-09-12,473.2200012207031,0.0,0.0518,0.23089307392923578,7.99,O:QQQ241004C00476000,10.31,O:QQQ241004P00476000,0.18587249357587737,0.20795999832120113,False
2024-09-13,475.3399963378906,0.0,0.051500000000000004,0.21330819005232765,8.79,O:QQQ241004C00476000,8.6,O:QQQ241004P00476000,0.18513917872391314,0.19741650222072987,False
2024-09-16,473.239990234375,0.0,0.051100000000000007,0.2138772450491656,7.38,O:QQQ241004C00476000,11.02,O:QQQ241004P00476000,0.19385531416314836,0.24346529415873813,False
2024-09-17,473.489990234375,0.0,0.050499999999999996,0.20813230419206533,7.32,O:QQQ241004C00476000,9.51,O:QQQ241004P00476000,0.1959609957296456,0.21554925921584994,False
2024-09-18,471.44000244140625,0.0,0.049100000000000005,0.20847690768278784,6.15,O:QQQ241004C00476000,10.5,O:QQQ241004P00476000,0.19720107380507365,0.21808220013374127,False
2024-09-19,483.3599853515625,0.0,0.0489,0.22766800948247148,12.57,O:QQQ241004C00476000,4.43,O:QQQ241004P00476000,0.19902107472454367,0.20396446580549024,False
2024-09-20,482.44000244140625,0.0,0.0487,0.21988262263536812,11.01,O:QQQ241004C00476000,4.25,O:QQQ241004P00476000,0.17972073665738292,0.19627904846876834,False
2024-09-23,483.0400085449219,0.677,0.048499999999999995,0.2167325442122866,10.7,O:QQQ241004C00476000,3.16,O:QQQ241004P00476000,0.1828040480471197,0.18945724095112904,False
2024-09-24,485.3699951171875,0.0,0.0478,0.21385859582099107,12.25,O:QQQ241004C00476000,2.3,O:QQQ241004P00476000,0.1882882136939975,0.18996118390064956,False
2024-09-25,485.82000732421875,0.0,0.0479,0.21374644050428013,12.41,O:QQQ241004C00476000,1.83,O:QQQ241004P00476000,0.19272836597582307,0.18411506168113848,False
2024-09-26,489.4700012207031,0.0,0.049,0.20970948436876924,15.24,O:QQQ241004C00476000,1.3,O:QQQ241004P00476000,0.20121694669033938,0.20349298726647472,False
2024-09-27,486.75,0.0,0.049,0.2110974592928277,13.03,O:QQQ241004C00476000,1.68,O:QQQ241004P00476000,0.21786429735144539,0.21001168005235207,False
2024-09-30,488.07000732421875,0.0,0.0493,0.20772722703607463,13.4,O:QQQ241004C00476000,0.98,O:QQQ241004P00476000,0.2481968717441723,0.2405662996154681,True
2024-10-01,481.2699890136719,0.0,0.0496,0.180972865772836,12.62,O:QQQ241101C00481000,9.94,O:QQQ241101P00481000,0.20500935349945545,0.19800512666625383,False
2024-10-02,481.95001220703125,0.0,0.0492,0.18014170201309332,12.91,O:QQQ241101C00481000,9.41,O:QQQ241101P00481000,0.2076625682849095,0.1964914873834723,False
2024-10-03,481.5899963378906,0.0,0.0499,0.18041283479640322,12.6,O:QQQ241101C00481000,9.8,O:QQQ241101P00481000,0.20949553639965585,0.2037648683558858,False
2024-10-04,487.32000732421875,0.0,0.0501,0.14701679519148567,14.97,O:QQQ241101C00481000,7.05,O:QQQ241101P00481000,0.1945188512533863,0.19931336868770005,False
2024-10-07,482.1000061035156,0.0,0.05,0.15227133654903774,11.75,O:QQQ241101C00481000,9.54,O:QQQ241101P00481000,0.2057139940603522,0.21640443444968732,False
2024-10-08,489.29998779296875,0.0,0.0496,0.15664450832301355,16.02,O:QQQ241101C00481000,6.04,O:QQQ241101P00481000,0.20894190170164925,0.20644469563691029,False
2024-10-09,493.1499938964844,0.0,0.0493,0.14206885991892415,18.31,O:QQQ241101C00481000,4.93,O:QQQ241101P00481000,0.20648611439753162,0.21266735099651393,False
2024-10-10,492.5899963378906,0.0,0.049800000000000004,0.13998638464847568,17.72,O:QQQ241101C00481000,4.85,O:QQQ241101P00481000,0.20733958906991368,0.21120921122288616,False
2024-10-11,493.3599853515625,0.0,0.049699999999999994,0.13969594228719015,17.78,O:QQQ241101C00481000,3.97,O:QQQ241101P00481000,0.20102683151140194,0.19904527717709397,False
2024-10-14,497.5,0.0,0.049699999999999994,0.1394132826262661,20.44,O:QQQ241101C00481000,2.91,O:QQQ241101P00481000,0.2071219018133406,0.21171136715082936,False
2024-10-15,490.8500061035156,0.0,0.0493,0.1503661893408988,14.72,O:QQQ241101C00481000,4.76,O:QQQ241101P00481000,0.1937261751504787,0.22073233114035984,False
2024-10-16,490.9100036621094,0.0,0.049100000000000005,0.14876364725378008,14.58,O:QQQ241101C00481000,4.1,O:QQQ241101P00481000,0.19583576019973745,0.20901428767432184,False
2024-10-17,491.25,0.0,0.0493,0.12085241393895793,15.75,O:QQQ241101C00481000,3.55,O:QQQ241101P00481000,0.2306225693895015,0.20199995563811893,False
2024-10-18,494.4700012207031,0.0,0.0492,0.12203183248431301,16.86,O:QQQ241101C00481000,2.39,O:QQQ241101P00481000,0.19989001935410136,0.19659981618613173,False
2024-10-21,495.4200134277344,0.0,0.0492,0.1220543056228241,16.19,O:QQQ241101C00481000,1.98,O:QQQ241101P00481000,0.16854563960892754,0.2112484483178432,False
2024-10-22,495.9599914550781,0.0,0.0489,0.12133982045827148,,O:QQQ241101C00481000,1.75,O:QQQ241101P00481000,,0.21508083041361997,False
2024-10-23,488.3599853515625,0.0,0.048799999999999996,0.13464288897102294,11.54,O:QQQ241101C00481000,3.56,O:QQQ241101P00481000,0.22589825649988826,0.2243570521957875,False
2024-10-24,492.32000732421875,0.0,0.0487,0.13508237776825754,14.0,O:QQQ241101C00481000,2.04,O:QQQ241101P00481000,0.2236752944509506,0.21782944436142512,False
2024-10-25,495.32000732421875,0.0,0.0489,0.13468396273772015,16.83,O:QQQ241101C00481000,1.57,O:QQQ241101P00481000,0.26511037246370234,0.23860542836316295,False
2024-10-28,495.3999938964844,0.0,0.048799999999999996,0.13453491632802475,17.24,O:QQQ241101C00481000,0.95,O:QQQ241101P00481000,0.38394977190762214,0.264086970774025,False
2024-10-29,500.1600036621094,0.0,0.048799999999999996,0.12607580151304873,19.84,O:QQQ241101C00481000,0.48,O:QQQ241101P00481000,0.3080458236655171,0.3069328525625814,False
2024-10-30,496.3800048828125,0.0,0.0487,0.13053144289455842,17.75,O:QQQ241101C00481000,0.35,O:QQQ241101P00481000,0.5277221580471391,0.2956428275001514,False
2024-10-31,483.8500061035156,0.0,0.047599999999999996,0.1614448898696082,5.46,O:QQQ241101C00481000,1.47,O:QQQ241101P00481000,0.380223918035171,0.2659633414456238,True
2024-11-01,487.42999267578125,0.0,0.0475,0.15790298821751894,14.95,O:QQQ241206C00487500,12.47,O:QQQ241206P00487500,0.23066918924208063,0.22505881313025228,False
2024-11-04,486.010009765625,0.0,0.0475,0.15320463595948242,13.65,O:QQQ241206C00487500,12.35,O:QQQ241206P00487500,0.23333486420410468,0.21998034581987824,False
2024-11-05,492.2099914550781,0.0,0.0472,0.15064725866363352,15.89,O:QQQ241206C00487500,9.72,O:QQQ241206P00487500,0.21605792096640947,0.2248650385306241,False
2024-11-06,505.5799865722656,0.0,0.046799999999999994,0.176745079863182,24.18,O:QQQ241206C00487500,4.52,O:QQQ241206P00487500,0.20424954460443162,0.21069723440977228,False
2024-11-07,513.5399780273438,0.0,0.046900000000000004,0.18367480695186192,28.1,O:QQQ241206C00487500,2.67,O:QQQ241206P00487500,0.11230849768863782,0.20793974589728423,False
2024-11-08,514.1400146484375,0.0,0.047,0.18369682879314272,31.15,O:QQQ241206C00487500,2.05,O:QQQ241206P00487500,0.21658436248987212,0.19554079374528727,False
2024-11-11,513.8400268554688,0.0,0.047,0.18239637175841428,29.81,O:QQQ241206C00487500,2.08,O:QQQ241206P00487500,0.19969181954940213,0.2055639203859385,False
2024-11-12,512.9099731445312,0.0,0.047,0.17417975213730577,30.08,O:QQQ241206C00487500,1.92,O:QQQ241206P00487500,0.23842730980687893,0.19959889142767584,False
2024-11-13,512.25,0.0,0.046900000000000004,0.17448040222505287,,O:QQQ241206C00487500,1.82,O:QQQ241206P00487500,,0.19681901803065427,False
2024-11-14,508.69000244140625,0.0,0.047,0.17743256478564826,,O:QQQ241206C00487500,2.08,O:QQQ241206P00487500,,0.191566249948801,False
2024-11-15,496.57000732421875,0.0,0.047,0.1982025853702918,,O:QQQ241206C00487500,5.03,O:QQQ241206P00487500,,0.19822765581737425,False
2024-11-18,500.0199890136719,0.0,0.047,0.19955102526408014,,O:QQQ241206C00487500,3.36,O:QQQ241206P00487500,,0.19455613620747816,False
2024-11-19,503.4599914550781,0.0,0.0467,0.20081793075304835,18.61,O:QQQ241206C00487500,2.62,O:QQQ241206P00487500,0.16599128469488222,0.20128276566924186,False
2024-11-20,503.1700134277344,0.0,0.046799999999999994,0.1917030526636473,,O:QQQ241206C00487500,3.91,O:QQQ241206P00487500,,0.24542637329702086,False
2024-11-21,504.9800109863281,0.0,0.0472,0.19032420737756836,15.73,O:QQQ241206C00487500,2.73,O:QQQ241206P00487500,1.0,0.22795266431021216,False
2024-11-22,505.7900085449219,0.0,0.0472,0.18950199505464413,20.68,O:QQQ241206C00487500,1.41,O:QQQ241206P00487500,0.19357828312285086,0.18923770010732013,False
2024-11-25,506.5899963378906,0.0,0.047400000000000005,0.18947434299485652,,O:QQQ241206C00487500,1.07,O:QQQ241206P00487500,,0.19971950933445884,False
2024-11-26,509.30999755859375,0.0,0.047400000000000005,0.18756271848149558,,O:QQQ241206C00487500,0.58,O:QQQ241206P00487500,,0.19391031176176426,False
2024-11-27,505.29998779296875,0.0,0.047599999999999996,0.18775649643143325,16.89,O:QQQ241206C00487500,0.56,O:QQQ241206P00487500,1.0,0.17504479528326816,False
2024-11-29,509.739990234375,0.0,0.047599999999999996,0.1618426129767726,20.3,O:QQQ241206C00487500,0.23,O:QQQ241206P00487500,1.0,0.19123788193013158,True
2024-12-02,515.2899780273438,0.0,0.0475,0.16366148596276858,13.59,O:QQQ250103C00510000,6.07,O:QQQ250103P00510000,0.15605892405678606,0.1541089030688551,False
2024-12-03,516.8699951171875,0.0,0.0466,0.1622470050587958,14.5,O:QQQ250103C00510000,5.3,O:QQQ250103P00510000,0.15781914109248266,0.15208937359344588,False
2024-12-04,523.260009765625,0.0,0.04650000000000001,0.16194276264684218,18.05,O:QQQ250103C00510000,3.63,O:QQQ250103P00510000,0.1413576319898696,0.15821289533271327,False
2024-12-05,521.8099975585938,0.0,0.045899999999999996,0.13571526086689,17.15,O:QQQ250103C00510000,3.87,O:QQQ250103P00510000,0.1495285674678981,0.15756390391659272,False
2024-12-06,526.47998046875,0.0,0.045700000000000005,0.12827271764839937,20.37,O:QQQ250103C00510000,2.71,O:QQQ250103P00510000,0.1434793840038736,0.15858018698746668,False
2024-12-09,522.3800048828125,0.0,0.045599999999999995,0.132250294285628,17.31,O:QQQ250103C00510000,3.59,O:QQQ250103P00510000,0.1594413160877183,0.1651256841865382,False
2024-12-10,520.5999755859375,0.0,0.0453,0.13302781645731585,15.39,O:QQQ250103C00510000,3.7,O:QQQ250103P00510000,0.15010467044215775,0.15975555102043218,False
2024-12-11,529.9199829101562,0.0,0.0449,0.14589962195110787,23.24,O:QQQ250103C00510000,1.81,O:QQQ250103P00510000,0.16712428684164246,0.16492760031882378,False
2024-12-12,526.5,0.0,0.0443,0.1484208548326624,20.12,O:QQQ250103C00510000,2.29,O:QQQ250103P00510000,0.16402506871127384,0.164850891782351,False
2024-12-13,530.530029296875,0.0,0.0443,0.14654632092615116,22.81,O:QQQ250103C00510000,1.68,O:QQQ250103P00510000,0.14444231937065052,0.17056583118568527,False
2024-12-16,538.1699829101562,0.0,0.0443,0.11641882259220379,30.86,O:QQQ250103C00510000,1.14,O:QQQ250103P00510000,0.21902261729021077,0.19949231552165236,False
2024-12-17,535.7999877929688,0.0,0.0446,0.11960864730555627,28.0,O:QQQ250103C00510000,1.44,O:QQQ250103P00510000,0.1933798830954578,0.20684798465722692,False
2024-12-18,516.469970703125,0.0,0.0444,0.18355494792456714,12.06,O:QQQ250103C00510000,7.48,O:QQQ250103P00510000,0.1814095009500195,0.2523659403311014,False
2024-12-19,514.1699829101562,0.0,0.044199999999999996,0.18460489616942274,12.18,O:QQQ250103C00510000,7.31,O:QQQ250103P00510000,0.22761713609351872,0.23318089470949357,False
2024-12-20,518.6599731445312,0.0,0.0443,0.18640022658641348,14.84,O:QQQ250103C00510000,4.42,O:QQQ250103P00510000,0.2320431894281175,0.20757053942682763,False
2024-12-23,522.8699951171875,0.835,0.0444,0.1879206657575941,15.63,O:QQQ250103C00510000,2.1,O:QQQ250103P00510000,0.1907772965199626,0.19160028872647283,False
2024-12-24,529.9600219726562,0.0,0.0444,0.19254895671061764,21.5,O:QQQ250103C00510000,0.71,O:QQQ250103P00510000,0.1969563337542649,0.18340349536802128,False
2024-12-26,529.5999755859375,0.0,0.044500000000000005,0.19247893558850462,20.75,O:QQQ250103C00510000,0.57,O:QQQ250103P00510000,0.19717446434750185,0.19043785997302376,False
2024-12-27,522.5599975585938,0.0,0.0444,0.19708206502887096,13.94,O:QQQ250103C00510000,0.98,O:QQQ250103P00510000,0.1738178260506335,0.17585455575949696,False
2024-12-30,515.6099853515625,0.0,0.0443,0.20215820872233187,7.65,O:QQQ250103C00510000,2.28,O:QQQ250103P00510000,0.19006697264579273,0.21638697086212738,False
2024-12-31,511.2300109863281,0.0,0.044000000000000004,0.20084314677044296,4.71,O:QQQ250103C00510000,2.79,O:QQQ250103P00510000,0.2146909108759023,0.18697151821713368,True
2025-01-02,510.2300109863281,0.0,0.044500000000000005,0.2005114000872327,14.29,O:QQQ250207C00510000,11.63,O:QQQ250207P00510000,0.20430038244707815,0.20118381880721084,False
2025-01-03,518.5800170898438,0.0,0.0444,0.2044007555349226,18.63,O:QQQ250207C00510000,7.88,O:QQQ250207P00510000,0.1977585169718243,0.1976792456325317,False
2025-01-06,524.5399780273438,0.0,0.0443,0.20840987616039272,21.98,O:QQQ250207C00510000,5.57,O:QQQ250207P00510000,0.19606939490666464,0.19808268231148488,False
2025-01-07,515.1799926757812,0.0,0.044199999999999996,0.21532196411481466,15.93,O:QQQ250207C00510000,8.82,O:QQQ250207P00510000,0.20275783964936625,0.20240544445812808,False
2025-01-08,515.27001953125,0.0,0.0441,0.2138410154061075,15.75,O:QQQ250207C00510000,8.99,O:QQQ250207P00510000,0.20265808081187683,0.20888189753889158,False
2025-01-10,507.19000244140625,0.0,0.044199999999999996,0.22031958441433996,11.15,O:QQQ250207C00510000,12.5,O:QQQ250207P00510000,0.20837155843083702,0.21310447552738962,False
2025-01-13,505.55999755859375,0.0,0.044199999999999996,0.2084524274460757,10.0,O:QQQ250207C00510000,12.95,O:QQQ250207P00510000,0.215288280984031,0.21624944265965176,False
2025-01-14,505.0799865722656,0.0,0.044199999999999996,0.207901296326578,9.66,O:QQQ250207C00510000,13.04,O:QQQ250207P00510000,0.21800712848750056,0.21682162318527054,False
2025-01-15,516.7000122070312,0.0,0.044000000000000004,0.22387721795006077,15.01,O:QQQ250207C00510000,6.66,O:QQQ250207P00510000,0.20379827084451377,0.19890791236477012,False
2025-01-16,513.0800170898438,0.0,0.0443,0.21684590060177972,12.01,O:QQQ250207C00510000,8.27,O:QQQ250207P00510000,0.1925102344987227,0.20671220894915202,False
2025-01-17,521.739990234375,0.0,0.0443,0.22702132616242396,18.18,O:QQQ250207C00510000,4.75,O:QQQ250207P00510000,0.21075543240274924,0.2016690578193797,False
2025-01-21,524.7999877929688,0.0,0.044199999999999996,0.18691003449637839,20.0,O:QQQ250207C00510000,3.0,O:QQQ250207P00510000,0.2286950425472705,0.19626048913776548,False
2025-01-22,531.510009765625,0.0,0.044199999999999996,0.19038763172076195,24.98,O:QQQ250207C00510000,1.92,O:QQQ250207P00510000,0.22868177316442384,0.20837513398438265,False
2025-01-23,532.6400146484375,0.0,0.044500000000000005,0.18859978143016157,23.48,O:QQQ250207C00510000,1.6,O:QQQ250207P00510000,1.0,0.2086090444366151,False
2025-01-24,529.6300048828125,0.0,0.044500000000000005,0.18842587806295422,21.62,O:QQQ250207C00510000,1.81,O:QQQ250207P00510000,0.17599069649076993,0.20574490588694125,False
2025-01-27,514.2100219726562,0.0,0.0444,0.20953164097104138,11.9,O:QQQ250207C00510000,6.04,O:QQQ250207P00510000,0.2610720830530183,0.2330409690492619,False
2025-01-28,521.8099975585938,0.0,0.0444,0.21730235771938955,15.7,O:QQQ250207C00510000,3.4,O:QQQ250207P00510000,0.23492981445229139,0.23952864179268502,False
2025-01-29,520.8300170898438,0.0,0.0443,0.21221286043117635,13.89,O:QQQ250207C00510000,3.88,O:QQQ250207P00510000,0.20822578951758264,0.25948443099168683,False
2025-01-30,523.0499877929688,0.0,0.0437,0.2067903241042745,16.35,O:QQQ250207C00510000,2.07,O:QQQ250207P00510000,0.2551870975378764,0.22311222056194754,False
2025-01-31,522.2899780273438,0.0,0.0437,0.2040865929059598,14.85,O:QQQ250207C00510000,2.2,O:QQQ250207P00510000,0.23316701424685868,0.23629955067053043,True
2025-02-03,518.1099853515625,0.0,0.0437,0.20642249017144473,11.18,O:QQQ250307C00522500,12.81,O:QQQ250307P00522500,0.20126037603842442,0.18876640175407353,False
2025-02-04,524.469970703125,0.0,0.0436,0.20282375647992934,13.78,O:QQQ250307C00522500,10.01,O:QQQ250307P00522500,0.19312891413629588,0.1952874510915222,False
2025-02-05,526.8499755859375,0.0,0.0435,0.19936199913881747,14.58,O:QQQ250307C00522500,8.86,O:QQQ250307P00522500,0.187061153404053,0.19550078208805888,False
2025-02-06,529.5999755859375,0.0,0.0437,0.18801654113632507,15.37,O:QQQ250307C00522500,8.2,O:QQQ250307P00522500,0.17464189645168454,0.20565029349312902,False
2025-02-07,522.9199829101562,0.0,0.0437,0.19453193999078175,11.92,O:QQQ250307C00522500,9.46,O:QQQ250307P00522500,0.18741858332059588,0.18232469522044273,False
2025-02-10,529.25,0.0,0.0438,0.18819340125225364,15.42,O:QQQ250307C00522500,7.05,O:QQQ250307P00522500,0.1962763701981701,0.19520571274589174,False
2025-02-11,527.989990234375,0.0,0.0438,0.18789867622903236,14.5,O:QQQ250307C00522500,6.85,O:QQQ250307P00522500,0.19840952115652286,0.185671226923043,False
2025-02-12,528.2999877929688,0.0,0.0438,0.1876317536140948,14.23,O:QQQ250307C00522500,7.04,O:QQQ250307P00522500,0.19429744171200086,0.19527082632345544,False
2025-02-13,535.9000244140625,0.0,0.0437,0.17723114015293795,18.53,O:QQQ250307C00522500,4.23,O:QQQ250307P00522500,0.18059220556734845,0.19163336734810743,False
2025-02-14,538.1500244140625,0.0,0.0437,0.17421262150996905,19.54,O:QQQ250307C00522500,3.5,O:QQQ250307P00522500,0.1677814211137546,0.1917726712397954,False
2025-02-18,539.3699951171875,0.0,0.0438,0.165668670382321,19.06,O:QQQ250307C00522500,3.31,O:QQQ250307P00522500,0.14278549122004353,0.2140113514867435,False
2025-02-19,539.52001953125,0.0,0.0438,0.1649981248282088,20.23,O:QQQ250307C00522500,2.54,O:QQQ250307P00522500,0.1869564900048992,0.19765113263444428,False
2025-02-20,537.22998046875,0.0,0.0437,0.1604723100853379,,O:QQQ250307C00522500,3.08,O:QQQ250307P00522500,,0.20511611500662447,False
2025-02-21,526.0800170898438,0.0,0.0436,0.177234142644997,10.82,O:QQQ250307C00522500,6.04,O:QQQ250307P00522500,0.2054818394242012,0.19728718601806688,False
2025-02-24,519.8699951171875,0.0,0.0436,0.1808867522037909,7.09,O:QQQ250307C00522500,7.99,O:QQQ250307P00522500,0.22255648944701875,0.19343292875589035,False
2025-02-25,513.3200073242188,0.0,0.0434,0.15421385387841383,4.62,O:QQQ250307C00522500,12.31,O:QQQ250307P00522500,0.23998092303678997,0.2119006415357228,False
2025-02-26,514.5599975585938,0.0,0.0435,0.1443848000904689,4.28,O:QQQ250307C00522500,11.86,O:QQQ250307P00522500,0.22776023232722656,0.2344093844911317,False
2025-02-27,500.2699890136719,0.0,0.0438,0.17358416362116658,0.86,O:QQQ250307C00522500,13.32,O:QQQ250307P00522500,0.2284343164073384,1.0,False
2025-02-28,508.1700134277344,0.0,0.0438,0.183596227342079,1.3,O:QQQ250307C00522500,21.3,O:QQQ250307P00522500,0.2029218623725409,0.4643873679155604,True
2025-03-03,497.04998779296875,0.0,0.0438,0.19750175031745504,8.8,O:QQQ250404C00508000,14.52,O:QQQ250404P00508000,0.21619171981324625,0.15763847455671035,False
2025-03-04,495.54998779296875,0.0,0.043899999999999995,0.19641552691013103,9.31,O:QQQ250404C00508000,19.99,O:QQQ250404P00508000,0.23987435079130573,0.24201891485544305,False
2025-03-05,502.010009765625,0.0,0.0438,0.19717363682310074,11.28,O:QQQ250404C00508000,15.46,O:QQQ250404P00508000,0.2300916108840371,0.23034137216266234,False
2025-03-06,488.20001220703125,0.0,0.0438,0.21485974212024664,6.12,O:QQQ250404C00508000,24.38,O:QQQ250404P00508000,0.23673542542862486,0.24136321421915702,False
2025-03-07,491.7900085449219,0.0,0.0438,0.21616611404965577,6.26,O:QQQ250404C00508000,22.29,O:QQQ250404P00508000,0.22068255193078126,0.25121608641763415,False
2025-03-10,472.7300109863281,0.0,0.0437,0.24816206135922414,2.84,O:QQQ250404C00508000,37.79,O:QQQ250404P00508000,0.26455950713175524,0.30083897518773084,False
2025-03-11,471.6000061035156,0.0,0.0437,0.2401820516553211,2.73,O:QQQ250404C00508000,36.67,O:QQQ250404P00508000,0.2728566921428402,0.23618452148636057,False
2025-03-12,476.9200134277344,0.0,0.0436,0.24742700442012008,2.23,O:QQQ250404C00508000,32.3,O:QQQ250404P00508000,0.23237684271250122,0.2453097843039443,False
2025-03-13,468.3399963378906,0.0,0.0437,0.2506724862600324,1.23,O:QQQ250404C00508000,41.6,O:QQQ250404P00508000,0.240980351338176,0.3234040594856612,False
2025-03-14,479.6600036621094,0.0,0.0437,0.26325749104435386,1.91,O:QQQ250404C00508000,30.05,O:QQQ250404P00508000,0.21654082237014868,0.2532691012521191,False
2025-03-17,482.7699890136719,0.0,0.0437,0.2644842725350049,2.03,O:QQQ250404C00508000,28.74,O:QQQ250404P00508000,0.22050545990471296,0.30449799389173776,False
2025-03-18,474.5400085449219,0.0,0.0437,0.2660536820691718,0.82,O:QQQ250404C00508000,,O:QQQ250404P00508000,0.21700700978011703,,False
2025-03-19,480.8900146484375,0.0,0.0437,0.27425582423543243,0.92,O:QQQ250404C00508000,29.28,O:QQQ250404P00508000,0.19480032328691121,0.2891088560475913,False
2025-03-20,479.260009765625,0.0,0.0436,0.27432835486893975,0.61,O:QQQ250404C00508000,29.73,O:QQQ250404P00508000,0.19067830226346055,0.260598446774708,False
2025-03-21,480.8399963378906,0.0,0.0436,0.2698968754095756,0.48,O:QQQ250404C00508000,,O:QQQ250404P00508000,0.17865366694917256,,False
2025-03-24,490.6600036621094,0.716,0.0435,0.28205632849252915,1.48,O:QQQ250404C00508000,17.94,O:QQQ250404P00508000,0.19686972361097763,0.18656115884787766,False
2025-03-25,493.4599914550781,0.0,0.0436,0.28104920744518724,1.71,O:QQQ250404C00508000,,O:QQQ250404P00508000,0.19393555494606265,,False
2025-03-26,484.3800048828125,0.0,0.0436,0.28654700426725405,0.52,O:QQQ250404C00508000,23.56,O:QQQ250404P00508000,0.2042682481008861,0.20102518999808872,False
2025-03-27,481.6199951171875,0.0,0.0437,0.2714094429219451,0.3,O:QQQ250404C00508000,25.55,O:QQQ250404P00508000,0.21120902637571223,1.0,False
2025-03-28,468.94000244140625,0.0,0.0438,0.27642075956887585,0.08,O:QQQ250404C00508000,33.3,O:QQQ250404P00508000,0.2574654212364057,1.0,False
2025-03-31,468.9200134277344,0.0,0.0438,0.2682902608762893,0.06,O:QQQ250404C00508000,,O:QQQ250404P00508000,0.3293262803111029,,True
2025-04-01,472.70001220703125,0.0,0.0438,0.2710238919205629,14.23,O:QQQ250502C00472500,12.19,O:QQQ250502P00472500,0.24136873249567709,0.23978267033958292,False
2025-04-02,476.1499938964844,0.0,0.0438,0.267482922807513,15.45,O:QQQ250502C00472500,9.22,O:QQQ250502P00472500,0.23273344246986144,0.21615551211410972,False
2025-04-03,450.6600036621094,0.0,0.0436,0.3119964157042406,6.18,O:QQQ250502C00472500,25.31,O:QQQ250502P00472500,0.2709646250491509,0.24600177526008798,False
2025-04-04,422.6700134277344,0.0,0.0436,0.37091052354587484,2.7,O:QQQ250502C00472500,51.25,O:QQQ250502P00472500,0.34331774720632163,0.35458891434849393,False
2025-04-07,423.69000244140625,0.0,0.0436,0.3529238966774423,2.46,O:QQQ250502C00472500,54.22,O:QQQ250502P00472500,0.34842861137118875,0.4980081478807436,False
2025-04-08,416.05999755859375,0.0,0.0436,0.355606727340492,1.93,O:QQQ250502C00472500,,O:QQQ250502P00472500,0.373317078406774,,False
2025-04-09,466.0,0.0,0.0436,0.5703735509715387,10.0,O:QQQ250502C00472500,20.25,O:QQQ250502P00472500,0.26499995950069843,0.37371067333098673,False
2025-04-10,446.17999267578125,0.0,0.0436,0.5867363206810007,6.44,O:QQQ250502C00472500,31.46,O:QQQ250502P00472500,0.3550853423651216,0.35343382104481896,False
2025-04-11,454.3999938964844,0.0,0.0437,0.5837102478954669,8.15,O:QQQ250502C00472500,28.41,O:QQQ250502P00472500,0.3417734285119983,0.42374357293949355,False
2025-04-14,457.4800109863281,0.0,0.0434,0.5837684728329817,7.11,O:QQQ250502C00472500,22.27,O:QQQ250502P00472500,0.31429314699613153,0.34474641196448064,False
2025-04-15,457.989990234375,0.0,0.0435,0.5811395785190843,5.15,O:QQQ250502C00472500,17.58,O:QQQ250502P00472500,0.26439254581645055,0.23175147176521896,False
2025-04-16,444.17999267578125,0.0,0.0435,0.5872103851707768,1.84,O:QQQ250502C00472500,30.01,O:QQQ250502P00472500,0.26633924134899506,0.2991283964292599,False
2025-04-17,444.1000061035156,0.0,0.0436,0.5873167523469871,1.92,O:QQQ250502C00472500,28.08,O:QQQ250502P00472500,0.27982469987673175,0.19695035338730132,False
2025-04-21,433.1099853515625,0.0,0.0435,0.5916401126353972,0.8,O:QQQ250502C00472500,,O:QQQ250502P00472500,0.333528769941925,,False
2025-04-22,444.4800109863281,0.0,0.0433,0.5952575463656348,1.47,O:QQQ250502C00472500,,O:QQQ250502P00472500,0.3142455119285113,,False
2025-04-23,454.55999755859375,0.0,0.0433,0.6020447619622762,2.81,O:QQQ250502C00472500,16.36,O:QQQ250502P00472500,0.3087090542266457,1.0,False
2025-04-24,467.3500061035156,0.0,0.0434,0.6093198866075742,6.65,O:QQQ250502C00472500,11.66,O:QQQ250502P00472500,0.31740782441772813,0.328798317458628,False
2025-04-25,472.55999755859375,0.0,0.0434,0.6105694019689673,7.86,O:QQQ250502C00472500,7.09,O:QQQ250502P00472500,0.29256576777411797,0.28040173507924854,False
2025-04-28,472.4100036621094,0.0,0.0435,0.6027744912545615,6.32,O:QQQ250502C00472500,6.75,O:QQQ250502P00472500,0.3170692109690711,0.3457280932316901,False
2025-04-29,475.5299987792969,0.0,0.0435,0.6030785081225248,7.65,O:QQQ250502C00472500,4.55,O:QQQ250502P00472500,0.34511939586274093,0.35101885079706385,False
2025-04-30,475.4700012207031,0.0,0.0435,0.6025733778605965,8.67,O:QQQ250502C00472500,2.6,O:QQQ250502P00472500,0.5018823468927116,0.28243693381852203,True
2025-05-01,481.67999267578125,0.0,0.0438,0.603723539648334,16.54,O:QQQ250606C00482000,14.43,O:QQQ250606P00482000,0.2598939575943884,0.2540099323109968,False
2025-05-02,488.8299865722656,0.0,0.0438,0.5692386636063953,19.37,O:QQQ250606C00482000,10.54,O:QQQ250606P00482000,0.24276122927736685,0.2430844865368997,False
2025-05-05,485.92999267578125,0.0,0.0438,0.5140928769752637,19.07,O:QQQ250606C00482000,11.74,O:QQQ250606P00482000,0.2808813073082913,0.25330173486584107,False
2025-05-06,481.4100036621094,0.0,0.0437,0.5172943852094924,14.46,O:QQQ250606C00482000,13.39,O:QQQ250606P00482000,0.2479800920885918,0.250209241286316,False
2025-05-07,483.29998779296875,0.0,0.0437,0.5090869094353827,15.15,O:QQQ250606C00482000,12.54,O:QQQ250606P00482000,0.24663440918426013,0.2542374879108521,False
2025-05-08,488.2900085449219,0.0,0.0437,0.2911230883577451,17.83,O:QQQ250606C00482000,9.87,O:QQQ250606P00482000,0.24761842801402917,0.24760889492737764,False
2025-05-09,487.9700012207031,0.0,0.0437,0.23838067912969793,17.4,O:QQQ250606C00482000,9.38,O:QQQ250606P00482000,0.2480973516366027,0.23967950775573654,False
2025-05-12,507.8500061035156,0.0,0.0438,0.26699739791876737,29.87,O:QQQ250606C00482000,3.44,O:QQQ250606P00482000,0.22066244502767443,0.24590199184204412,False
2025-05-13,515.5900268554688,0.0,0.043899999999999995,0.2691278634418303,38.45,O:QQQ250606C00482000,2.34,O:QQQ250606P00482000,0.2916424419014345,0.2548008872981015,False
2025-05-14,518.6799926757812,0.0,0.043899999999999995,0.26847774367407096,40.16,O:QQQ250606C00482000,2.1,O:QQQ250606P00482000,0.2674935520915465,0.26560434363014407,False
2025-05-15,519.25,0.0,0.0437,0.2326002256384332,42.09,O:QQQ250606C00482000,1.78,O:QQQ250606P00482000,0.3261667878146046,0.26087360510690094,False
2025-05-16,521.510009765625,0.0,0.0437,0.23105302678431014,42.15,O:QQQ250606C00482000,1.48,O:QQQ250606P00482000,0.26106196306538154,0.26344789897487575,False
2025-05-19,522.010009765625,0.0,0.0437,0.19816393915747074,40.98,O:QQQ250606C00482000,1.2,O:QQQ250606P00482000,1.0,0.2708513915684619,False
2025-05-20,520.27001953125,0.0,0.0436,0.1926462090715033,,O:QQQ250606C00482000,1.39,O:QQQ250606P00482000,,0.2805365750225114,False
2025-05-21,513.0399780273438,0.0,0.0435,0.1992486522698601,42.4,O:QQQ250606C00482000,1.77,O:QQQ250606P00482000,0.5539809230696183,0.26929758754010696,False
2025-05-22,514.0,0.0,0.0437,0.18184832163083894,34.22,O:QQQ250606C00482000,1.49,O:QQQ250606P00482000,0.2622604880893587,0.2693490156380499,False
2025-05-23,509.239990234375,0.0,0.0436,0.18680621373797882,30.49,O:QQQ250606C00482000,2.08,O:QQQ250606P00482000,0.2939720010367543,0.27821115234765004,False
2025-05-27,521.219970703125,0.0,0.0435,0.19861811351507522,,O:QQQ250606C00482000,0.52,O:QQQ250606P00482000,,0.29352083807263085,False
2025-05-28,518.9099731445312,0.0,0.0435,0.201282489761898,39.95,O:QQQ250606C00482000,0.45,O:QQQ250606P00482000,0.4445101921563391,0.2867650923344789,False
2025-05-29,519.9299926757812,0.0,0.0434,0.2007880821816481,39.05,O:QQQ250606C00482000,0.33,O:QQQ250606P00482000,0.3360786559519497,0.29221245767481535,False
2025-05-30,519.1099853515625,0.0,0.0433,0.1992805513408396,37.71,O:QQQ250606C00482000,0.09,O:QQQ250606P00482000,0.2810850746803381,0.24892114806884028,True
2025-06-02,523.2100219726562,0.0,0.0433,0.19567830212132625,17.25,O:QQQ250711C00519000,10.91,O:QQQ250711P00519000,0.20210822576243453,0.20607751162722893,False
2025-06-03,527.2999877929688,0.0,0.0433,0.1929786657820674,,O:QQQ250711C00519000,9.22,O:QQQ250711P00519000,,0.20689688382898447,False
2025-06-04,528.77001953125,0.0,0.0432,0.18645212456629884,,O:QQQ250711C00519000,8.8,O:QQQ250711P00519000,,0.21101085838241898,False
2025-06-05,524.7899780273438,0.0,0.0426,0.19150124088868375,19.69,O:QQQ250711C00519000,10.07,O:QQQ250711P00519000,0.23585197265818125,0.20984100370320902,False
2025-06-06,529.9199829101562,0.0,0.042800000000000005,0.1912777220301827,20.56,O:QQQ250711C00519000,7.4,O:QQQ250711P00519000,0.2013345113656355,0.19939121535495183,False
2025-06-09,530.7000122070312,0.0,0.0429,0.19071458567859584,,O:QQQ250711C00519000,6.83,O:QQQ250711P00519000,,0.20186217440399526,False
2025-06-10,534.2100219726562,0.0,0.0429,0.13429354713891734,20.86,O:QQQ250711C00519000,5.47,O:QQQ250711P00519000,0.16519675606866244,0.1989662893321978,False
2025-06-11,532.4099731445312,0.0,0.043,0.12705201398254456,20.4,O:QQQ250711C00519000,5.44,O:QQQ250711P00519000,0.18610457033294134,0.19149216420319554,False
2025-06-12,533.6599731445312,0.0,0.0418,0.12604919424580624,,O:QQQ250711C00519000,6.12,O:QQQ250711P00519000,,0.21437152777463342,False
2025-06-13,526.9600219726562,0.0,0.042300000000000004,0.1355214620198088,,O:QQQ250711C00519000,8.32,O:QQQ250711P00519000,,0.21773958781547628,False
2025-06-16,534.2899780273438,0.0,0.0424,0.1429153853103714,,O:QQQ250711C00519000,5.01,O:QQQ250711P00519000,,0.20974793939118289,False
2025-06-17,529.0800170898438,0.0,0.042300000000000004,0.14816440405021578,19.73,O:QQQ250711C00519000,6.8,O:QQQ250711P00519000,0.24625843359488445,0.21803536365796633,False
2025-06-18,528.989990234375,0.0,0.042,0.14744206187276548,,O:QQQ250711C00519000,6.62,O:QQQ250711P00519000,,0.21786980678352777,False
2025-06-20,526.8300170898438,0.0,0.042,0.1382316981475987,15.89,O:QQQ250711C00519000,7.18,O:QQQ250711P00519000,0.21507352137417812,0.22293730885431795,False
2025-06-23,531.6500244140625,0.591,0.042,0.14097345832123936,16.26,O:QQQ250711C00519000,4.33,O:QQQ250711P00519000,0.16095192821312537,0.208392003104612,False
2025-06-24,539.780029296875,0.0,0.0421,0.14252419266938038,24.51,O:QQQ250711C00519000,2.15,O:QQQ250711P00519000,0.22142861225014365,0.20282159739479766,False
2025-06-25,541.1599731445312,0.0,0.0421,0.12004699135642208,24.48,O:QQQ250711C00519000,1.86,O:QQQ250711P00519000,0.18635351893933874,0.2061218570014519,False
2025-06-26,546.219970703125,0.0,0.041100000000000005,0.12036421885863523,,O:QQQ250711C00519000,1.1,O:QQQ250711P00519000,,0.20658189000731295,False
2025-06-27,548.0900268554688,0.0,0.04190000000000001,0.12037435262337681,28.18,O:QQQ250711C00519000,1.03,O:QQQ250711P00519000,1.0,0.21959314671691427,False
2025-06-30,551.6400146484375,0.0,0.042800000000000005,0.12000154135221684,32.23,O:QQQ250711C00519000,0.45,O:QQQ250711P00519000,1.0,0.2209632525472465,True
2025-07-01,546.989990234375,0.0,0.0432,0.12517427347042878,12.69,O:QQQ250801C00547000,10.66,O:QQQ250801P00547000,0.18387709883477335,0.18327523699492626,False
2025-07-02,550.7999877929688,0.0,0.0433,0.1247079250845945,14.55,O:QQQ250801C00547000,9.03,O:QQQ250801P00547000,0.18280364423246714,0.18641753830191976,False
2025-07-03,556.219970703125,0.0,0.0435,0.12761858947417495,17.85,O:QQQ250801C00547000,7.02,O:QQQ250801P00547000,0.18500368277116347,0.18980066351456173,False
2025-07-07,552.030029296875,0.0,0.0437,0.1276247844178929,14.96,O:QQQ250801C00547000,9.02,O:QQQ250801P00547000,0.1976420953892551,0.21061551701831613,False
2025-07-08,552.3400268554688,0.0,0.0436,0.12488099044366828,14.56,O:QQQ250801C00547000,7.32,O:QQQ250801P00547000,0.1916580485972413,0.18548006407691484,False
2025-07-09,556.25,0.0,0.0436,0.1260851509026387,15.92,O:QQQ250801C00547000,5.53,O:QQQ250801P00547000,0.174152812997244,0.1813334954847759,False
2025-07-10,555.4500122070312,0.0,0.0436,0.12574128292451273,,O:QQQ250801C00547000,5.63,O:QQQ250801P00547000,,0.18162570424313862,False
2025-07-11,554.2000122070312,0.0,0.0437,0.12517111749555201,14.63,O:QQQ250801C00547000,5.45,O:QQQ250801P00547000,0.18536485705366615,0.17302932851141803,False
2025-07-14,556.2100219726562,0.0,0.0437,0.12529550627264918,15.28,O:QQQ250801C00547000,5.07,O:QQQ250801P00547000,0.1878398689570668,0.19184446121039506,False
2025-07-15,556.719970703125,0.0,0.0436,0.11290879189814376,17.84,O:QQQ250801C00547000,4.84,O:QQQ250801P00547000,0.24519083555982235,0.19528335492827992,False
2025-07-16,557.2899780273438,0.0,0.0436,0.10504466292427117,14.95,O:QQQ250801C00547000,4.21,O:QQQ250801P00547000,0.17468109165061318,0.18959316491871317,False
2025-07-17,561.7999877929688,0.0,0.0436,0.09706890463069909,18.61,O:QQQ250801C00547000,2.84,O:QQQ250801P00547000,0.18956628954702825,0.1898174634577688,False
2025-07-18,561.260009765625,0.0,0.0435,0.0974538135258711,17.39,O:QQQ250801C00547000,2.76,O:QQQ250801P00547000,0.1730203805848842,0.18988724783887428,False
2025-07-21,564.1699829101562,0.0,0.0435,0.09403370366066795,19.76,O:QQQ250801C00547000,1.86,O:QQQ250801P00547000,0.20147556876882297,0.20092262473529124,False
2025-07-22,561.25,0.0,0.0437,0.09623366652240056,17.66,O:QQQ250801C00547000,2.13,O:QQQ250801P00547000,0.22226638602701038,0.1991794586661578,False
2025-07-23,563.8099975585938,0.0,0.0437,0.0844753636454679,19.76,O:QQQ250801C00547000,1.14,O:QQQ250801P00547000,0.2394608423477797,0.1843906773051725,False
2025-07-24,565.010009765625,0.0,0.0437,0.08446463900182366,20.0,O:QQQ250801C00547000,0.95,O:QQQ250801P00547000,0.22144021558681765,0.19293424509541002,False
2025-07-25,566.3699951171875,0.0,0.0437,0.08012273645106975,20.72,O:QQQ250801C00547000,0.54,O:QQQ250801P00547000,0.21216928623600925,0.1856509337328603,False
2025-07-28,568.1400146484375,0.0,0.044000000000000004,0.08005073424899506,22.35,O:QQQ250801C00547000,0.25,O:QQQ250801P00547000,0.3009644593194326,0.21937554013519484,False
2025-07-29,567.260009765625,0.0,0.044000000000000004,0.07890614407759501,20.93,O:QQQ250801C00547000,0.39,O:QQQ250801P00547000,0.28084156551540257,0.2687033031534288,False
2025-07-30,568.02001953125,0.0,0.0441,0.06985121161706315,19.6,O:QQQ250801C00547000,0.06,O:QQQ250801P00547000,1.0,0.24129800144448532,False
2025-07-31,565.010009765625,0.0,0.0449,0.07159357861885528,18.6,O:QQQ250801C00547000,0.12,O:QQQ250801P00547000,0.4549588440200058,0.3345475034721897,True
2025-08-01,553.8800048828125,0.0,0.0449,0.09703361491827751,14.34,O:QQQ250905C00554000,12.25,O:QQQ250905P00554000,0.19310850195010956,0.1955835768800632,False
2025-08-04,564.0999755859375,0.0,0.044800000000000006,0.11341829112614138,19.49,O:QQQ250905C00554000,7.02,O:QQQ250905P00554000,0.1882518375851018,0.1849669896928523,False
2025-08-05,560.27001953125,0.0,0.0449,0.1168367029045018,18.13,O:QQQ250905C00554000,8.24,O:QQQ250905P00554000,0.2093936702507062,0.18515455553229787,False
2025-08-06,567.3200073242188,0.0,0.044800000000000006,0.12230401162872159,19.17,O:QQQ250905C00554000,5.98,O:QQQ250905P00554000,0.15009040388527714,0.18983305888611743,False
2025-08-07,569.239990234375,0.0,0.0449,0.12221953120211533,22.4,O:QQQ250905C00554000,6.5,O:QQQ250905P00554000,0.188230657717428,0.2123825325932526,False
2025-08-08,574.5499877929688,0.0,0.044800000000000006,0.12470023412794604,26.66,O:QQQ250905C00554000,3.87,O:QQQ250905P00554000,0.1979672891407324,0.19076065222602712,False
2025-08-11,572.8499755859375,0.0,0.0446,0.1256321409881803,25.38,O:QQQ250905C00554000,3.66,O:QQQ250905P00554000,0.21330129711600795,0.18762944395509418,False
2025-08-12,580.0499877929688,0.0,0.0444,0.131576544517439,,O:QQQ250905C00554000,2.38,O:QQQ250905P00554000,,0.19278489241279895,False
2025-08-13,580.3400268554688,0.0,0.0444,0.13164582184520995,,O:QQQ250905C00554000,2.18,O:QQQ250905P00554000,,0.19204631844097236,False
2025-08-14,579.8900146484375,0.0,0.044800000000000006,0.1300102746148143,30.35,O:QQQ250905C00554000,2.23,O:QQQ250905P00554000,0.21661465328870994,0.1955799433289598,False
2025-08-15,577.3400268554688,0.0,0.044800000000000006,0.13147818589498017,27.36,O:QQQ250905C00554000,2.36,O:QQQ250905P00554000,0.19845195080286535,0.19170597142250026,False
2025-08-18,577.1099853515625,0.0,0.0447,0.13086466841397265,,O:QQQ250905C00554000,1.96,O:QQQ250905P00554000,,0.19181305218882905,False
2025-08-19,569.280029296875,0.0,0.0446,0.1393726998746044,19.74,O:QQQ250905C00554000,3.33,O:QQQ250905P00554000,0.19280438909448325,0.193304387183755,False
2025-08-20,565.9000244140625,0.0,0.044500000000000005,0.14053950504594326,17.36,O:QQQ250905C00554000,3.88,O:QQQ250905P00554000,0.20324535416174544,0.19067107031665734,False
2025-08-21,563.280029296875,0.0,0.0449,0.14136873780962103,15.05,O:QQQ250905C00554000,5.07,O:QQQ250905P00554000,0.19892119690039922,0.20678272588309224,False
2025-08-22,571.969970703125,0.0,0.0447,0.15163272989225088,,O:QQQ250905C00554000,1.88,O:QQQ250905P00554000,,0.1828709660854335,False
2025-08-25,570.3200073242188,0.0,0.044500000000000005,0.1517719052373574,20.52,O:QQQ250905C00554000,1.82,O:QQQ250905P00554000,0.24924123826380454,0.19121692961264455,False
2025-08-26,572.6099853515625,0.0,0.044199999999999996,0.15218910697160387,20.3,O:QQQ250905C00554000,1.71,O:QQQ250905P00554000,0.1788936519616832,0.21155638240923452,False
2025-08-27,573.489990234375,0.0,0.044199999999999996,0.15220490947079943,,O:QQQ250905C00554000,1.55,O:QQQ250905P00554000,,0.22133986738731648,False
2025-08-28,577.0800170898438,0.0,0.044199999999999996,0.15187064104019227,21.79,O:QQQ250905C00554000,0.44,O:QQQ250905P00554000,1.0,0.1862287918588616,False
2025-08-29,570.4000244140625,0.0,0.0441,0.13933489758657772,17.22,O:QQQ250905C00554000,0.97,O:QQQ250905P00554000,0.146744973692882,0.19220113169813302,True
2025-09-02,565.6199951171875,0.0,0.044000000000000004,0.1281610450175057,11.03,O:QQQ251003C00570000,13.27,O:QQQ251003P00570000,0.1840873371445109,0.18385356893621033,False
2025-09-03,570.0700073242188,0.0,0.0435,0.12817182229229138,12.18,O:QQQ251003C00570000,10.74,O:QQQ251003P00570000,0.17058509099834898,0.1808055585379208,False
2025-09-04,575.22998046875,0.0,0.0433,0.12446081690755202,14.95,O:QQQ251003C00570000,8.03,O:QQQ251003P00570000,0.17096574433860626,0.175250108553746,False
2025-09-05,576.0599975585938,0.0,0.0429,0.12410023260068975,14.3,O:QQQ251003C00570000,7.82,O:QQQ251003P00570000,0.15556145840916574,0.1795919773619484,False
2025-09-08,578.8699951171875,0.0,0.0426,0.12092543731122529,16.18,O:QQQ251003C00570000,6.42,O:QQQ251003P00570000,0.16788378299767942,0.18182218038043985,False
2025-09-09,580.510009765625,0.0,0.0425,0.12053742015685671,17.41,O:QQQ251003C00570000,5.7,O:QQQ251003P00570000,0.17438903219855065,0.1817680925583498,False
2025-09-10,580.7000122070312,0.0,0.042300000000000004,0.11207457239906934,16.54,O:QQQ251003C00570000,5.55,O:QQQ251003P00570000,0.15936062800836995,0.1834691162482031,False
2025-09-11,584.0800170898438,0.0,0.042199999999999994,0.11391540176026482,19.59,O:QQQ251003C00570000,4.35,O:QQQ251003P00570000,0.17653632159761626,0.18266993687211983,False
2025-09-12,586.6599731445312,0.0,0.0424,0.11472586461610529,21.06,O:QQQ251003C00570000,3.71,O:QQQ251003P00570000,0.17028678457506036,0.18678384282390897,False
2025-09-15,591.6799926757812,0.0,0.042199999999999994,0.11643627466197715,24.26,O:QQQ251003C00570000,2.88,O:QQQ251003P00570000,0.16030337254808572,0.20667919657355494,False
2025-09-16,591.1799926757812,0.0,0.042,0.11653104266771923,24.72,O:QQQ251003C00570000,2.85,O:QQQ251003P00570000,0.19615027619330055,0.20864672872198772,False
2025-09-17,590.0,0.0,0.0417,0.1035582217279184,22.7,O:QQQ251003C00570000,2.56,O:QQQ251003P00570000,0.17029983137707058,0.19927769071551413,False
2025-09-18,595.3200073242188,0.0,0.042,0.10231864508747072,28.11,O:QQQ251003C00570000,1.8,O:QQQ251003P00570000,0.20910182688213558,0.20881341603950968,False
2025-09-19,599.3499755859375,0.0,0.04190000000000001,0.09966562951309257,30.31,O:QQQ251003C00570000,1.21,O:QQQ251003P00570000,0.11417231119318161,0.2110333598504572,False
2025-09-22,602.2000122070312,0.694,0.0417,0.08880399137271335,33.7,O:QQQ251003C00570000,0.89,O:QQQ251003P00570000,0.22615936764273942,0.23318954256700192,False
2025-09-23,598.2000122070312,0.0,0.0416,0.09279054240847141,29.4,O:QQQ251003C00570000,1.05,O:QQQ251003P00570000,0.19815232948223913,0.23217610634536287,False
2025-09-24,596.0999755859375,0.0,0.0418,0.09488078904933284,27.25,O:QQQ251003C00570000,0.88,O:QQQ251003P00570000,0.19799195899662098,0.22092721710652266,False
2025-09-25,593.530029296875,0.0,0.0424,0.09751751485047377,25.02,O:QQQ251003C00570000,0.96,O:QQQ251003P00570000,0.22287634657625896,0.2228206922493286,False
2025-09-26,595.969970703125,0.0,0.042199999999999994,0.09648837447436709,26.76,O:QQQ251003C00570000,0.41,O:QQQ251003P00570000,0.198433363623191,0.20766641130586672,False
2025-09-29,598.72998046875,0.0,0.042199999999999994,0.08332269007339844,29.79,O:QQQ251003C00570000,0.23,O:QQQ251003P00570000,0.34284041374636276,0.26352819513913034,False
2025-09-30,600.3699951171875,0.0,0.042,0.07286410344601855,29.94,O:QQQ251003C00570000,0.18,O:QQQ251003P00570000,1.0,0.30409215209968826,True
2025-10-01,603.25,0.0,0.0417,0.07093069615756194,15.36,O:QQQ251107C00603000,12.3,O:QQQ251107P00603000,0.1821711544301783,0.1786491712278483,False
2025-10-02,605.72998046875,0.0,0.042300000000000004,0.06726778856758357,16.93,O:QQQ251107C00603000,11.37,O:QQQ251107P00603000,0.18743979021143375,0.18313771775323823,False
2025-10-03,603.1799926757812,0.0,0.0424,0.07141655282434703,14.85,O:QQQ251107C00603000,12.34,O:QQQ251107P00603000,0.18161091152601178,0.18316327586262748,False
2025-10-06,607.7100219726562,0.0,0.042199999999999994,0.07325820824137423,17.88,O:QQQ251107C00603000,9.9,O:QQQ251107P00603000,0.19824125419888408,0.183287459819539,False
2025-10-07,604.510009765625,0.0,0.042,0.07816409162542241,15.32,O:QQQ251107C00603000,11.46,O:QQQ251107P00603000,0.19151277297473362,0.18857723040970323,False
2025-10-08,611.4400024414062,0.0,0.042,0.08465585328392873,17.79,O:QQQ251107C00603000,8.65,O:QQQ251107P00603000,0.17017933843973015,0.19119966591312926,False
2025-10-09,610.7000122070312,0.0,0.042,0.08478244467525871,17.57,O:QQQ251107C00603000,8.6,O:QQQ251107P00603000,0.17771715979012007,0.1890838392959583,False
2025-10-10,589.5,0.0,0.04190000000000001,0.15564933369089373,10.61,O:QQQ251107C00603000,20.71,O:QQQ251107P00603000,0.23913831467015473,0.21573638056650807,False
2025-10-13,602.010009765625,0.0,0.04190000000000001,0.170368834965595,13.35,O:QQQ251107C00603000,12.3,O:QQQ251107P00603000,0.20670250853312622,0.20171293112138147,False
2025-10-14,598.0,0.0,0.04190000000000001,0.17240711176915902,11.37,O:QQQ251107C00603000,14.54,O:QQQ251107P00603000,0.2115668787146857,0.20874416876505422,False
2025-10-15,602.219970703125,0.0,0.042,0.17356889584188123,14.07,O:QQQ251107C00603000,12.8,O:QQQ251107P00603000,0.2267581376669334,0.21916190197472818,False
2025-10-16,599.989990234375,0.0,0.042,0.17171994385809167,13.77,O:QQQ251107C00603000,16.35,O:QQQ251107P00603000,0.24658123295864087,0.2651965028283781,False
2025-10-17,603.9299926757812,0.0,0.0418,0.1716224693551285,14.78,O:QQQ251107C00603000,11.75,O:QQQ251107P00603000,0.23518093093942027,0.22382950067854798,False
2025-10-20,611.5399780273438,0.0,0.0415,0.17643289242241228,17.8,O:QQQ251107C00603000,7.08,O:QQQ251107P00603000,0.22899118759637033,0.21034829200757527,False
2025-10-21,611.3800048828125,0.0,0.0412,0.17428992228769913,16.71,O:QQQ251107C00603000,6.36,O:QQQ251107P00603000,0.21662336003066873,0.2000265655040952,False
2025-10-22,605.489990234375,0.0,0.041100000000000005,0.17778114148391452,12.85,O:QQQ251107C00603000,8.9,O:QQQ251107P00603000,0.21764646543512806,0.21013306791444405,False
2025-10-23,610.5800170898438,0.0,0.0412,0.17862143402530264,14.81,O:QQQ251107C00603000,6.07,O:QQQ251107P00603000,0.20246524861781562,0.19941720348430647,False
2025-10-24,617.0999755859375,0.0,0.041100000000000005,0.18140500070401042,20.04,O:QQQ251107C00603000,3.89,O:QQQ251107P00603000,0.22903211810336685,0.20155860573178133,False
2025-10-27,628.0900268554688,0.0,0.0409,0.18995634989580254,26.95,O:QQQ251107C00603000,1.84,O:QQQ251107P00603000,0.19726824085101372,0.22960381034005312,False
2025-10-28,632.9199829101562,0.0,0.0407,0.19086181992062515,31.91,O:QQQ251107C00603000,1.35,O:QQQ251107P00603000,0.24379350329102184,0.24543032668133147,False
2025-10-29,635.77001953125,0.0,0.0403,0.19082207646369156,33.47,O:QQQ251107C00603000,1.5,O:QQQ251107P00603000,0.16324897366167102,0.28302387554657427,False
2025-10-30,626.0499877929688,0.0,0.0405,0.2010667197658121,26.13,O:QQQ251107C00603000,1.47,O:QQQ251107P00603000,0.28472460283675166,0.23582839630116098,False
2025-10-31,629.0700073242188,0.0,0.0406,0.20008304962898527,29.68,O:QQQ251107C00603000,0.75,O:QQQ251107P00603000,0.3538302721546865,0.22663073550293894,True
2025-11-03,632.0800170898438,0.0,0.0406,0.19935255435235913,18.35,O:QQQ251205C00629000,12.3,O:QQQ251205P00629000,0.20923897365934838,0.19922664562103562,False
2025-11-04,619.25,0.0,0.04019999999999999,0.21331481282117398,10.97,O:QQQ251205C00629000,18.38,O:QQQ251205P00629000,0.19966612418501023,0.1968749727917894,False
2025-11-05,623.280029296875,0.0,0.04,0.21089200095934443,12.22,O:QQQ251205C00629000,14.06,O:QQQ251205P00629000,0.19552205994319047,0.16993279783528709,False
2025-11-06,611.6699829101562,0.0,0.04019999999999999,0.22212420751186965,8.79,O:QQQ251205C00629000,20.93,O:QQQ251205P00629000,0.21898636169682384,0.16816190662774239,False
2025-11-07,609.739990234375,0.0,0.0401,0.18078343760797252,6.67,O:QQQ251205C00629000,24.5,O:QQQ251205P00629000,0.1993785311962633,0.2076764440351632,False
2025-11-10,623.22998046875,0.0,0.0404,0.18209663496216422,10.6,O:QQQ251205C00629000,14.97,O:QQQ251205P00629000,0.19177006635901686,0.196976149093836,False
2025-11-11,621.5700073242188,0.0,0.0404,0.18017695704860948,9.54,O:QQQ251205C00629000,,O:QQQ251205P00629000,0.19115171800849579,,False
2025-11-12,621.0800170898438,0.0,0.0403,0.17940473145252048,9.13,O:QQQ251205C00629000,15.8,O:QQQ251205P00629000,0.1925076745854554,0.19813650053626505,False
2025-11-13,608.4000244140625,0.0,0.0405,0.19508524512045544,5.55,O:QQQ251205C00629000,25.41,O:QQQ251205P00629000,0.21333178996619273,0.22874228159459298,False
2025-11-14,608.8599853515625,0.0,0.0404,0.1938811442752352,4.99,O:QQQ251205C00629000,22.18,O:QQQ251205P00629000,0.2047543997555066,0.17321595781599988,False
2025-11-17,603.6599731445312,0.0,0.0404,0.19084769909725138,3.28,O:QQQ251205C00629000,28.34,O:QQQ251205P00629000,0.21165707221201266,0.23596950778913564,False
2025-11-18,596.3099975585938,0.0,0.04019999999999999,0.19522012324013036,2.6,O:QQQ251205C00629000,30.19,O:QQQ251205P00629000,0.2379345951223831,1.0,False
2025-11-19,599.8699951171875,0.0,0.0401,0.19410712334757776,2.6,O:QQQ251205C00629000,29.33,O:QQQ251205P00629000,0.22655588124763162,0.18156129744125593,False
2025-11-20,585.6699829101562,0.0,0.0404,0.20773508562975432,0.69,O:QQQ251205C00629000,29.73,O:QQQ251205P00629000,0.220411012162689,1.0,False
2025-11-21,590.0700073242188,0.0,0.0403,0.20546442739271645,0.68,O:QQQ251205C00629000,40.47,O:QQQ251205P00629000,0.20823025323038583,0.2949797774979245,False
2025-11-24,605.1599731445312,0.0,0.0403,0.21699590919032483,1.05,O:QQQ251205C00629000,,O:QQQ251205P00629000,0.17832006093289338,,False
2025-11-25,608.8900146484375,0.0,0.0404,0.2161796467034507,0.74,O:QQQ251205C00629000,21.94,O:QQQ251205P00629000,0.14928191622949932,0.22365637814352982,False
2025-11-26,614.27001953125,0.0,0.0406,0.21840283540377267,1.27,O:QQQ251205C00629000,,O:QQQ251205P00629000,0.14856881619993817,,False
2025-11-28,619.25,0.0,0.0405,0.21475366847866326,1.54,O:QQQ251205C00629000,13.28,O:QQQ251205P00629000,0.13990044032668789,0.2260583495674109,True
2025-12-01,617.1699829101562,0.0,0.0398,0.21404704480088724,14.85,O:QQQ260102C00617000,13.06,O:QQQ260102P00617000,0.1878126871453053,0.19508573901221674,False
2025-12-02,622.0,0.0,0.039,0.21538036853792122,17.76,O:QQQ260102C00617000,10.9,O:QQQ260102P00617000,0.19422090565812555,0.19676141279125828,False
2025-12-03,623.52001953125,0.0,0.0383,0.2027122046709396,,O:QQQ260102C00617000,9.92,O:QQQ260102P00617000,,0.19403141431745163,False
2025-12-04,622.9400024414062,0.0,0.0383,0.20146559815147796,15.3,O:QQQ260102C00617000,10.65,O:QQQ260102P00617000,0.15741095770759617,0.20432685718731075,False
2025-12-05,625.47998046875,0.0,0.0382,0.18930226674198214,19.05,O:QQQ260102C00617000,8.88,O:QQQ260102P00617000,0.1938244159695113,0.19557191259073964,False
2025-12-08,624.280029296875,0.0,0.0382,0.18897682662059145,15.9,O:QQQ260102C00617000,9.18,O:QQQ260102P00617000,0.16821507643621603,0.203294734306544,False
2025-12-09,625.0499877929688,0.0,0.0381,0.17216742590751113,17.12,O:QQQ260102C00617000,8.2,O:QQQ260102P00617000,0.1845329859646418,0.1956905493478819,False
2025-12-10,627.6099853515625,0.0,0.0379,0.1723471397366576,16.97,O:QQQ260102C00617000,6.25,O:QQQ260102P00617000,0.15692337596469724,0.1812297145927765,False
2025-12-11,625.5800170898438,0.0,0.0377,0.17281522744175082,15.98,O:QQQ260102C00617000,6.65,O:QQQ260102P00617000,0.16829227116818457,0.17977040150943302,False
2025-12-12,613.6199951171875,0.0,0.037599999999999995,0.17078976441572727,8.49,O:QQQ260102C00617000,9.46,O:QQQ260102P00617000,0.1612221794537283,0.14281416142941755,False
2025-12-15,610.5399780273438,0.0,0.0377,0.17189384960542273,6.36,O:QQQ260102C00617000,11.81,O:QQQ260102P00617000,0.1613548468582009,0.16391843643271545,False
2025-12-16,611.75,0.0,0.037599999999999995,0.1688333713220171,6.2,O:QQQ260102C00617000,12.8,O:QQQ260102P00617000,0.15362063649167568,0.20034952903913086,False
2025-12-17,600.4099731445312,0.0,0.0373,0.17660857418168804,3.17,O:QQQ260102C00617000,18.81,O:QQQ260102P00617000,0.1746284562272619,0.1760684476204315,False
2025-12-18,609.1099853515625,0.0,0.0371,0.1826574502767459,5.21,O:QQQ260102C00617000,12.26,O:QQQ260102P00617000,0.16602837573672946,0.1681503849843707,False
2025-12-19,617.0499877929688,0.0,0.0371,0.16274509326288583,6.69,O:QQQ260102C00617000,6.27,O:QQQ260102P00617000,0.12906944141577684,0.139610387175001,False
2025-12-22,619.2100219726562,0.794,0.037200000000000004,0.16177958604985823,7.64,O:QQQ260102C00617000,4.18,O:QQQ260102P00617000,0.14215645888796713,0.1288185048252229,False
2025-12-23,622.1099853515625,0.0,0.0371,0.13734876353466166,8.83,O:QQQ260102C00617000,2.84,O:QQQ260102P00617000,0.1343536282035053,0.12755452348782081,False
2025-12-24,623.9299926757812,0.0,0.037200000000000004,0.13634202926013575,9.53,O:QQQ260102C00617000,2.01,O:QQQ260102P00617000,0.12608449227800095,0.12531711082594993,False
2025-12-26,623.8900146484375,0.0,0.037000000000000005,0.13340809953529115,8.95,O:QQQ260102C00617000,1.35,O:QQQ260102P00617000,0.12660933546520511,0.11642034680954395,False
2025-12-29,620.8699951171875,0.0,0.0369,0.13192469207582688,6.14,O:QQQ260102C00617000,1.84,O:QQQ260102P00617000,0.14412962994320194,0.1363757242516529,False
2025-12-30,619.4299926757812,0.0,0.0365,0.1316077606000641,4.56,O:QQQ260102C00617000,1.58,O:QQQ260102P00617000,0.1377003820014013,0.1202545291090396,False
2025-12-31,614.3099975585938,0.0,0.0374,0.13166136333576273,1.07,O:QQQ260102C00617000,3.52,O:QQQ260102P00617000,0.11602731428663646,0.10893813585027956,True
2026-01-02,613.1199951171875,0.0,0.037200000000000004,0.1312406183536748,14.39,O:QQQ260206C00614000,13.11,O:QQQ260206P00614000,0.18151970863952238,0.18184813336348712,False
2026-01-05,617.989990234375,0.0,0.0371,0.1348606369596165,16.57,O:QQQ260206C00614000,10.56,O:QQQ260206P00614000,0.18407818618423125,0.1836930063710343,False
2026-01-06,623.4199829101562,0.0,0.037000000000000005,0.13791904067473895,19.04,O:QQQ260206C00614000,8.46,O:QQQ260206P00614000,0.1749712554960101,0.18630203539793,False
2026-01-07,624.02001953125,0.0,0.037000000000000005,0.13780233989604007,21.44,O:QQQ260206C00614000,8.32,O:QQQ260206P00614000,0.20865869344941418,0.1901263285117965,False
2026-01-08,620.469970703125,0.0,0.037000000000000005,0.1391745719501026,16.96,O:QQQ260206C00614000,9.41,O:QQQ260206P00614000,0.17881676210307965,0.1895823628845481,False
2026-01-09,626.6500244140625,0.0,0.037000000000000005,0.14314875614738806,20.9,O:QQQ260206C00614000,6.57,O:QQQ260206P00614000,0.18125105814703665,0.18221253844926774,False
2026-01-12,627.1699829101562,0.0,0.0371,0.14267117512906907,,O:QQQ260206C00614000,6.25,O:QQQ260206P00614000,,0.18906233726999164,False
2026-01-13,626.239990234375,0.0,0.037200000000000004,0.12350219249430781,20.22,O:QQQ260206C00614000,7.27,O:QQQ260206P00614000,0.19158555845805117,0.2052915878817423,False
2026-01-14,619.5499877929688,0.0,0.037200000000000004,0.12871792143237,14.53,O:QQQ260206C00614000,8.96,O:QQQ260206P00614000,0.1731019170704425,0.19677704837668183,False
2026-01-15,621.780029296875,0.0,0.0375,0.129048548185014,,O:QQQ260206C00614000,6.96,O:QQQ260206P00614000,,0.18100689786028493,False
2026-01-16,621.260009765625,0.0,0.0375,0.10724185113196986,16.07,O:QQQ260206C00614000,7.33,O:QQQ260206P00614000,0.1908468116173686,0.18804752480859313,False
2026-01-20,608.0599975585938,0.0,0.0375,0.12448519748271142,9.48,O:QQQ260206C00614000,14.08,O:QQQ260206P00614000,0.22373135697384647,0.2185329482044443,False
2026-01-21,616.280029296875,0.0,0.0375,0.12516892408672153,12.6,O:QQQ260206C00614000,8.58,O:QQQ260206P00614000,0.21196134259693697,0.1975796568506036,False
2026-01-22,620.760009765625,0.0,0.0379,0.12727713210220487,13.24,O:QQQ260206C00614000,6.5,O:QQQ260206P00614000,0.1775146383586887,0.19815393282381102,False
2026-01-23,622.719970703125,0.0,0.0378,0.12667097509786548,17.05,O:QQQ260206C00614000,5.65,O:QQQ260206P00614000,0.24077046851929942,0.20115209855680774,False
2026-01-26,625.4600219726562,0.0,0.0377,0.1272173869609139,17.0,O:QQQ260206C00614000,4.16,O:QQQ260206P00614000,0.2271207521170731,0.20888396487930036,False
2026-01-27,631.1300048828125,0.0,0.0377,0.1310794633931338,20.95,O:QQQ260206C00614000,2.93,O:QQQ260206P00614000,0.2326369708156874,0.2243267587367116,False
2026-01-28,633.219970703125,0.0,0.037599999999999995,0.12977134965103584,21.91,O:QQQ260206C00614000,2.49,O:QQQ260206P00614000,0.22139035895557754,0.23537419382462607,False
2026-01-29,629.4299926757812,0.0,0.037200000000000004,0.13166011425037466,16.52,O:QQQ260206C00614000,2.75,O:QQQ260206P00614000,0.1352487239608202,0.22965690166805192,False
2026-01-30,621.8699951171875,0.0,0.037200000000000004,0.13570234734344125,12.15,O:QQQ260206C00614000,4.61,O:QQQ260206P00614000,0.21257563716660444,0.2372847280604518,True
2026-02-02,626.1400146484375,0.0,0.037200000000000004,0.13707037629330526,18.1,O:QQQ260306C00622000,11.51,O:QQQ260306P00622000,0.2013883484489211,0.1955114481933868,False
2026-02-03,616.52001953125,0.0,0.037200000000000004,0.1462667423870533,11.63,O:QQQ260306C00622000,17.17,O:QQQ260306P00622000,0.18532599136758784,0.21359513597029334,False
2026-02-04,605.75,0.0,0.037200000000000004,0.1546144325235104,8.68,O:QQQ260306C00622000,24.23,O:QQQ260306P00622000,0.21065287558040785,0.22897693377830997,False
2026-02-05,597.030029296875,0.0,0.037200000000000004,0.16099246402829642,6.15,O:QQQ260306C00622000,27.65,O:QQQ260306P00622000,0.21868683850588,0.1888734958728993,False
2026-02-06,609.6500244140625,0.0,0.037200000000000004,0.18020753827106398,8.98,O:QQQ260306C00622000,19.96,O:QQQ260306P00622000,0.20055817980723273,0.20675017470591012,False
2026-02-09,614.3200073242188,0.0,0.037200000000000004,0.17856032565934102,9.7,O:QQQ260306C00622000,15.27,O:QQQ260306P00622000,0.19422044834157723,0.18585592573957863,False
2026-02-10,611.469970703125,0.0,0.037200000000000004,0.1788992814485539,8.24,O:QQQ260306C00622000,,O:QQQ260306P00622000,0.19402857159346854,,False
2026-02-11,613.1099853515625,0.0,0.0371,0.17942400326331903,8.32,O:QQQ260306C00622000,,O:QQQ260306P00622000,0.18890452034478608,,False
2026-02-12,600.6400146484375,0.0,0.037200000000000004,0.18933682913677374,4.95,O:QQQ260306C00622000,23.4,O:QQQ260306P00622000,0.2086725609435176,0.1763527885036949,False
2026-02-13,601.9199829101562,0.0,0.037200000000000004,0.18888544740221472,4.61,O:QQQ260306C00622000,24.14,O:QQQ260306P00622000,0.19953766942958298,0.21565423629441358,False
2026-02-17,601.2999877929688,0.0,0.037200000000000004,0.18887693355776372,3.56,O:QQQ260306C00622000,22.07,O:QQQ260306P00622000,0.20170363139014194,0.1725887642592957,False
2026-02-18,605.7899780273438,0.0,0.0371,0.17626962571960483,3.83,O:QQQ260306C00622000,19.4,O:QQQ260306P00622000,0.1868892191510534,0.19564293751570194,False
2026-02-19,603.469970703125,0.0,0.037200000000000004,0.16906526052773743,2.89,O:QQQ260306C00622000,21.12,O:QQQ260306P00622000,0.18396634552357966,0.2011798314461216,False
2026-02-20,608.8099975585938,0.0,0.037200000000000004,0.1701786853724603,3.75,O:QQQ260306C00622000,14.96,O:QQQ260306P00622000,0.17754050739362762,0.14983020829014893,False
2026-02-23,601.4099731445312,0.0,0.037200000000000004,0.17395471610287594,1.96,O:QQQ260306C00622000,22.65,O:QQQ260306P00622000,0.1989839208690378,0.2267627135029187,False
2026-02-24,607.8699951171875,0.0,0.037200000000000004,0.17829768847857427,2.8,O:QQQ260306C00622000,16.57,O:QQQ260306P00622000,0.1910272335362343,0.19951211233000957,False
2026-02-25,616.6799926757812,0.0,0.0371,0.18347511060940622,5.18,O:QQQ260306C00622000,10.32,O:QQQ260306P00622000,0.18860610822613294,0.19894901194327255,False
2026-02-26,609.239990234375,0.0,0.0374,0.18666880642277686,1.72,O:QQQ260306C00622000,14.5,O:QQQ260306P00622000,0.16353649018652353,0.18323866479307685,False
2026-02-27,607.2899780273438,0.0,0.0374,0.1861140321148588,0.92,O:QQQ260306C00622000,16.39,O:QQQ260306P00622000,0.15408158273426162,0.20892172369536854,True
2026-03-02,608.0900268554688,0.0,0.0374,0.18231736280871014,18.45,O:QQQ260410C00607000,16.04,O:QQQ260410P00607000,0.2105180512124305,0.22447967677223374,False
2026-03-03,601.5800170898438,0.0,0.0375,0.18285765123672165,15.79,O:QQQ260410C00607000,18.8,O:QQQ260410P00607000,0.22264618813289042,0.2220461124540837,False
2026-03-04,610.75,0.0,0.0375,0.18530563550808976,20.12,O:QQQ260410C00607000,14.99,O:QQQ260410P00607000,0.21934610477901845,0.23141131129020487,False
2026-03-05,608.9099731445312,0.0,0.0375,0.17443595592065556,18.5,O:QQQ260410C00607000,16.52,O:QQQ260410P00607000,0.21505043667674845,0.2437413906172888,False
2026-03-06,599.75,0.0,0.0375,0.17517435145674906,16.14,O:QQQ260410C00607000,22.11,O:QQQ260410P00607000,0.24967837389255979,0.2618202985113666,False
2026-03-09,607.760009765625,0.0,0.0375,0.16475547350226843,17.7,O:QQQ260410C00607000,16.31,O:QQQ260410P00607000,0.22750993938173675,0.24656867462643922,False
2026-03-10,607.77001953125,0.0,0.0375,0.16219215430323305,17.85,O:QQQ260410C00607000,16.2,O:QQQ260410P00607000,0.23366104801760904,0.2485820151249673,False
2026-03-11,607.6900024414062,0.0,0.0375,0.16144879625683317,17.15,O:QQQ260410C00607000,15.22,O:QQQ260410P00607000,0.22848485357933704,0.23754740507182798,False
2026-03-12,597.260009765625,0.0,0.037599999999999995,0.1716942232297144,12.54,O:QQQ260410C00607000,19.03,O:QQQ260410P00607000,0.23970631547450538,0.2179276170759708,False
2026-03-13,593.719970703125,0.0,0.0375,0.15747881537062725,10.5,O:QQQ260410C00607000,23.29,O:QQQ260410P00607000,0.2355503441760026,0.2552519342391963,False
2026-03-16,600.3800048828125,0.0,0.0375,0.16273247860997272,10.84,O:QQQ260410C00607000,,O:QQQ260410P00607000,0.21007817830143616,,False
2026-03-17,603.3099975585938,0.0,0.0374,0.16362383350210113,11.69,O:QQQ260410C00607000,13.64,O:QQQ260410P00607000,0.2064647205672532,0.20240665599338376,False
2026-03-18,594.9000244140625,0.0,0.0373,0.16861199857230277,8.36,O:QQQ260410C00607000,19.46,O:QQQ260410P00607000,0.2164877383286355,0.22392352450063827,False
2026-03-19,593.02001953125,0.0,0.0373,0.16847191898320607,7.13,O:QQQ260410C00607000,22.79,O:QQQ260410P00607000,0.21191954092401044,0.26726860672295844,False
2026-03-20,582.0599975585938,0.0,0.0373,0.17545688099899678,4.11,O:QQQ260410C00607000,26.99,O:QQQ260410P00607000,0.2208308592633069,0.20262807025865984,False
2026-03-23,588.0,0.733,0.0373,0.17655573066672275,5.28,O:QQQ260410C00607000,21.1,O:QQQ260410P00607000,0.23066735020426837,0.18214772713766753,False
2026-03-24,583.97998046875,0.0,0.0374,0.17192631005021256,3.45,O:QQQ260410C00607000,25.24,O:QQQ260410P00607000,0.21794530786891608,0.21327845182670488,False
2026-03-25,587.8200073242188,0.0,0.0373,0.16399903849012465,3.52,O:QQQ260410C00607000,22.64,O:QQQ260410P00607000,0.20304957733915938,0.2265752076039451,False
2026-03-26,573.7899780273438,0.0,0.0374,0.17803077897536784,1.65,O:QQQ260410C00607000,33.62,O:QQQ260410P00607000,0.2310358772988067,0.21767758664131762,False
2026-03-27,562.5800170898438,0.0,0.0374,0.18754590011750127,0.51,O:QQQ260410C00607000,44.8,O:QQQ260410P00607000,0.22781291502430392,0.2782882866274974,False
2026-03-30,558.280029296875,0.0,0.0374,0.18703136570047138,0.14,O:QQQ260410C00607000,48.85,O:QQQ260410P00607000,0.2246821772606821,0.30720252010676835,False
2026-03-31,577.1799926757812,0.0,0.0374,0.2287060473803436,0.38,O:QQQ260410C00607000,32.54,O:QQQ260410P00607000,0.18223016542469164,0.33460846729192034,True
