Date,Open,High,Low,Close,Volume,Dividends,Stock Splits,Return,RV
2024-01-02,185.39908100307179,186.6770206585062,182.16958591702465,183.90321350097656,82488700,0.0,0.0,,
2024-01-03,182.4964964795135,184.14096966630487,181.7138790075681,182.52621459960938,58414500,0.0,0.0,-0.007487628275510638,
2024-01-04,180.44589014802324,181.37709839926953,179.18778251294714,180.20814514160156,71983600,0.0,0.0,-0.012699926216586221,
2024-01-05,180.28737421180142,181.05015949262307,178.48439420396812,179.4849395751953,62379700,0.0,0.0,-0.004013168027660385,
2024-01-08,180.38643729162627,183.86360885082058,179.80196071659407,183.823974609375,59144500,0.0,0.0,0.024174925453073204,
2024-01-09,182.19932576748687,183.41781421075365,181.0204564512382,183.4079132080078,42841800,0.0,0.0,-0.002263368541841837,
2024-01-10,182.62532257674977,184.65613174178498,182.1993375745178,184.44810485839844,46792900,0.0,0.0,0.005671465490209915,
2024-01-11,184.79480792904317,185.3000462697353,181.90212796654464,183.85369873046875,49128400,0.0,0.0,-0.0032226198712425047,
2024-01-12,184.31930790747037,184.99295400827782,183.45745205458948,184.1806182861328,40477800,0.0,0.0,0.001778150550799218,
2024-01-16,180.4557997638508,182.53614407524432,179.2372961857114,181.91204833984375,65603000,0.0,0.0,-0.012317093771314958,
2024-01-17,179.57411959355028,181.2185778549055,178.613193289656,180.97091674804688,47317400,0.0,0.0,-0.005173552826136518,
2024-01-18,184.34903461223058,187.37050341346043,184.09147247948349,186.8652801513672,78005800,0.0,0.0,0.03257077716817136,
2024-01-19,187.5587047602819,190.15418823308323,187.0534815615711,189.76783752441406,68903000,0.0,0.0,0.01553288749357673,
2024-01-22,190.5009136397872,193.50256484427592,190.4612794003693,192.07603454589844,60133900,0.0,0.0,0.012163267767581587,
2024-01-23,193.19548176740474,193.91864797179585,192.01661247228014,193.35397338867188,42355600,0.0,0.0,0.006653296679071552,
2024-01-24,193.59173469903226,194.54276001272405,192.52183688964197,192.6803436279297,53631300,0.0,0.0,-0.0034839199264247167,
2024-01-25,193.39358838897635,194.43376796447615,191.30332823639347,192.35340881347656,54822100,0.0,0.0,-0.001696773050625433,
2024-01-26,192.4524795638358,192.9378856146602,190.14427644491346,190.61978149414062,44594000,0.0,0.0,-0.009012719504321476,
2024-01-29,190.21364328629937,190.40186815816608,187.80638442872507,189.93626403808594,47145600,0.0,0.0,-0.0035857635062691573,
2024-01-30,189.1536549714469,190.0056098088079,185.71611749758625,186.28077697753906,55859400,0.0,0.0,-0.019245861652906204,
2024-01-31,185.29013601531707,185.34958738130655,182.6253150741395,182.67483520507812,55467800,0.0,0.0,-0.019357562444007437,0.2121833571439714
2024-02-01,182.26865674153308,185.20095550981347,182.10024901841177,185.11180114746094,64885400,0.0,0.0,0.01334045786682636,0.215614140561126
2024-02-02,178.1773164815156,185.5774319441079,177.57302274507782,184.1112823486328,102551700,0.0,0.0,-0.005404943351132507,0.21106738682062448
2024-02-05,186.38972207997213,187.4794368744002,184.10133612770585,185.9241180419922,69668800,0.0,0.0,0.009846412833769635,0.21229592898696664
2024-02-06,185.1118168962398,187.53889270164484,185.02266252630227,187.52899169921875,43490800,0.0,0.0,0.008631874520249605,0.19725190932330117
2024-02-07,188.8564737765281,189.26264166421876,186.84546657732497,187.6379852294922,53439000,0.0,0.0,0.0005812089602030834,0.19687217899729542
2024-02-08,187.61814818475136,187.7667388029894,185.5972401965417,186.55816650390625,40962000,0.0,0.0,-0.005754798125045202,0.1976170405724178
2024-02-09,187.12353611951417,188.45270503827624,186.47880163607178,187.32192993164062,45155200,0.24,0.0,0.004093969414726173,0.1974257423478026
2024-02-12,186.89539390047275,187.14337102036012,185.27857823550397,185.6356658935547,41781900,0.0,0.0,-0.009001957425386897,0.20055158819667263
2024-02-13,184.26684396147397,184.70328611762721,182.02512109310902,183.54273986816406,56529500,0.0,0.0,-0.01127437454067004,0.19970223631210293
2024-02-14,183.82050423664703,184.02879656144881,180.9638026996327,182.6599578857422,54630500,0.0,0.0,-0.0048096807482331805,0.19956874919119172
2024-02-15,182.06479474492625,182.99719108766072,179.8825992332856,182.37228393554688,65434500,0.0,0.0,-0.0015749152333389693,0.15970460563288588
2024-02-16,181.9358579237584,183.35429496994237,180.2000180232841,180.8348388671875,49752500,0.0,0.0,-0.008430256150669946,0.14874443281150163
2024-02-20,180.31904659124555,180.95386745060242,178.54353696650966,180.09091186523438,53665600,0.0,0.0,-0.0041138477884756774,0.138527295657098
2024-02-21,180.46785747722194,181.41016764298323,179.19821564929268,180.84478759765625,41371400,0.0,0.0,0.004186084264962808,0.13646596127571461
2024-02-22,181.99539101250986,183.46342668087547,180.9836551083553,182.87818908691406,52292200,0.0,0.0,0.011243904324086618,0.14589541650549556
2024-02-23,183.51297897874218,183.54273502175582,180.7554746671187,181.0431365966797,45119700,0.0,0.0,-0.01003428839380216,0.1482190729202527
2024-02-26,180.7654158601022,181.28119739799624,179.18826979539264,179.69415283203125,40867400,0.0,0.0,-0.007451173184508164,0.14747843779459116
2024-02-27,179.63464855081253,182.43182285515786,178.10710087323727,181.1522674560547,54318900,0.0,0.0,0.008114424431975964,0.15252447671127575
2024-02-28,181.03321827875988,181.6382830805114,178.67248629654023,179.95204162597656,48953900,0.0,0.0,-0.006625508181228201,0.140016143866647
2024-02-29,179.80325698202418,181.09274105155225,178.07733075339527,179.28746032714844,136682600,0.0,0.0,-0.0036931023000530416,0.12391493872760445
2024-03-01,178.09718827908785,179.06925444803085,175.94474848019505,178.206298828125,73563100,0.0,0.0,-0.006030324134496778,0.11296977112716305
2024-03-04,174.7246735635979,175.46860492728393,172.38376893378626,173.6831817626953,81510100,0.0,0.0,-0.025381353494087766,0.1402168737498726
2024-03-05,169.37827475690668,170.64791631173568,168.2474997741583,168.7434539794922,95132400,0.0,0.0,-0.028441025395034014,0.15878417781207374
2024-03-06,169.67584582521192,169.85439720478274,167.31509902687867,167.7515411376953,68587700,0.0,0.0,-0.005878230049252253,0.15066471108828808
2024-03-07,167.78131806385875,169.34853532264208,167.12666995146384,167.63253784179688,71765100,0.0,0.0,-0.0007094021020096486,0.15004059585570723
2024-03-08,167.63254371875993,172.29451084245372,167.5730316278488,169.34854125976562,76267000,0.0,0.0,0.010236696527187394,0.16018576460246753
2024-03-11,171.54066841678448,172.96901916174485,170.65787040570808,171.35220336914062,60139500,0.0,0.0,0.011831587650356967,0.16803265761928868
2024-03-12,171.74896885963832,172.62185327512867,169.62628505087014,171.8283233642578,59825400,0.0,0.0,0.002778604451858069,0.16894668849975653
2024-03-13,171.3720295685671,171.78862930722158,169.3782838692582,169.74530029296875,52488700,0.0,0.0,-0.012122699159865968,0.16947030210539363
2024-03-14,171.5108905650266,172.89955631533712,170.65784870831544,171.60015869140625,72913500,0.0,0.0,0.010927303408319045,0.17730764385727513
2024-03-15,169.78497182252738,171.22323608398438,168.91208752136302,171.22323608398438,121752700,0.0,0.0,-0.00219651665998577,0.17725238667288934
2024-03-18,174.14939851903085,176.27208229753154,172.11598288120766,172.31436157226562,75604200,0.0,0.0,0.00637253163318352,0.17911509031509626
2024-03-19,172.929301648071,175.18093788657362,171.62990410461092,174.6552276611328,55215200,0.0,0.0,0.013584857742025669,0.18761843619592983
2024-03-20,174.29816190798687,177.2242889404297,173.67325471299228,177.2242889404297,53423100,0.0,0.0,0.014709329424031914,0.19537981624396528
2024-03-21,175.61738497601507,176.05382709299283,169.4576271619808,169.98333740234375,106181300,0.0,0.0,-0.040857557287307444,0.2356699687005714
2024-03-22,170.3702201223851,171.64979072547655,168.6839784855534,170.88601684570312,71160100,0.0,0.0,0.005310399578887903,0.23635786609580067
2024-03-25,169.18985713490977,170.54876707334867,168.0789092110998,169.46759033203125,54288300,0.0,0.0,-0.00830042469158021,0.23659976133579363
2024-03-26,168.62443878704727,170.0329469889122,168.20783904863555,168.3367919921875,57388400,0.0,0.0,-0.00667265249731952,0.23333692836766562
2024-03-27,169.03112531152695,172.19531573949365,168.7335497446837,171.90765380859375,60273300,0.0,0.0,0.021212604648970457,0.24888823454899606
2024-03-28,170.36027251639132,170.83638432396197,169.13030061690222,170.0924530029297,65672700,0.0,0.0,-0.010559162233027442,0.25063417786148434
2024-04-01,169.80483820681948,169.86435030206175,168.1086678157934,168.6542205810547,46240500,0.0,0.0,-0.008455592217546659,0.25123320788673026
2024-04-02,167.71187939021036,167.96977013364764,166.86875116942764,167.47381591796875,49329500,0.0,0.0,-0.006998963079721032,0.23723855394426294
2024-04-03,167.4242255584593,169.29893197888933,167.21593325359058,168.2772674560547,47691700,0.0,0.0,0.004797475555698094,0.215951899598366
2024-04-04,168.9120862737285,170.5289019190824,167.45399475097656,167.45399475097656,53704400,0.0,0.0,-0.004892358412541542,0.215627082924188
2024-04-05,168.217753601793,169.01128340394683,167.58293278713433,168.2078399658203,42104800,0.0,0.0,0.004501804904474271,0.21619245287058686
2024-04-08,167.66231443659373,167.83093708737283,166.87871327881734,167.08700561523438,37425500,0.0,0.0,-0.006663389475863202,0.21416241253018897
2024-04-09,167.33498182341344,168.7038205676874,166.98782288624614,168.29713439941406,42373800,0.0,0.0,0.007242506858770037,0.21123315491256175
2024-04-10,167.43415997850798,167.72180678766216,165.75783217031642,166.4224090576172,49709300,0.0,0.0,-0.011139377675603468,0.2138546139397165
2024-04-11,166.97785862713312,174.04025682035402,166.79932237773104,173.62364196777344,91070300,0.0,0.0,0.04327081281261291,0.2623013466085277
2024-04-12,172.8499808741194,176.9168120397123,172.80039755418966,175.1214599609375,101670900,0.0,0.0,0.008626808977098221,0.2613019816307154
2024-04-15,173.94107267383276,175.20080068867838,171.10421379905583,171.2926788330078,73531800,0.0,0.0,-0.021863574737120972,0.2736702244816317
2024-04-16,170.360294137519,172.35402488220237,166.9084566077323,168.0094757080078,73711200,0.0,0.0,-0.019167212208764495,0.28090238106700877
2024-04-17,168.2375982616629,169.26917642354965,166.640625,166.640625,50901200,0.0,0.0,-0.008147461339542583,0.2763738491619814
2024-04-18,166.67037984876308,167.27544462394533,165.20235954360626,165.68838500976562,43122900,0.0,0.0,-0.005714332805907163,0.26921398848957795
2024-04-19,164.86511767231858,165.05356757276493,162.7523477339115,163.66490173339844,68149400,0.0,0.0,-0.01221258373812939,0.23284934952161923
2024-04-22,164.18067459044096,165.90658543557495,163.43674332676036,164.49807739257812,48116400,0.0,0.0,0.005090741205691751,0.23276178431984937
2024-04-23,164.01206877643943,165.69831011966792,163.58554027123327,165.5495147705078,49537800,0.0,0.0,0.006391791287751136,0.23316378464717719
2024-04-24,165.19244539313124,167.93012271313196,164.86512888648411,167.6523895263672,48251800,0.0,0.0,0.012702391539923807,0.2370961582411271
2024-04-25,168.15826264272923,169.22952573993217,166.7894239404159,168.51535034179688,50558300,0.0,0.0,0.005147321895426771,0.22446520258030658
2024-04-26,168.50542350147623,169.95360145871248,167.81107543218243,167.93011474609375,44838400,0.0,0.0,-0.0034728919028212957,0.22181541610578548
2024-04-29,171.96714692386752,174.60562678464615,171.699342565042,172.09609985351562,68169400,0.0,0.0,0.02480785006144215,0.2369935507068379
2024-04-30,171.92750782528833,173.57407962239418,168.6244505944639,168.9517822265625,65934800,0.0,0.0,-0.018270708224239263,0.24534255439681357
2024-05-01,168.20784791968214,171.31252641733016,167.74164970644674,167.93011474609375,50383100,0.0,0.0,-0.006047095017315041,0.24587282112750167
2024-05-02,171.11413192483198,172.0167723030629,169.50724497899176,171.6299285888672,94214900,0.0,0.0,0.022031866341349682,0.2570727758567786
2024-05-03,185.13970898312533,185.48688300008854,181.1820038934194,181.89617919921875,163224100,0.0,0.0,0.059816202772792426,0.33053677453665964
2024-05-06,180.87452115240256,182.70954279745968,178.9601298757301,180.2397003173828,78569700,0.0,0.0,-0.009106727195306918,0.3317058596012938
2024-05-07,181.96559437964424,183.4038585438568,179.85283976309742,180.92408752441406,77305800,0.0,0.0,0.0037970946790641946,0.33148445175081687
2024-05-08,181.37049360808004,181.58871471095884,179.98181248654907,181.26138305664062,45057100,0.0,0.0,0.0018642931233854299,0.32687923482803594
2024-05-09,181.08280763590477,183.16582147443802,180.6364518520254,183.07655334472656,48983000,0.0,0.0,0.010014103707455035,0.2942157357909821
2024-05-10,183.6526350835399,183.84135574437508,180.9013327671207,181.81512451171875,50759500,0.25,0.0,-0.006890171406234602,0.2953036521129838
2024-05-13,184.18898588060125,185.83779081511702,183.3745104951717,185.0233154296875,72044800,0.0,0.0,0.01764534675860796,0.28604585735916627
2024-05-14,186.245019986336,187.02969899838186,185.0332491027049,186.16555786132812,52393600,0.0,0.0,0.006173505371406485,0.2726371913377522
2024-05-15,186.64235255391958,189.3638586651008,186.1059869360216,188.4401397705078,70400000,0.0,0.0,0.012218059749129262,0.2688913835350746
2024-05-16,189.1850657006259,189.81082048816586,188.3805324914181,188.55931091308594,52845200,0.0,0.0,0.000632408481140212,0.2660593067354732
2024-05-17,188.23153932133224,189.52277241007562,187.90376371878457,188.589111328125,41282900,0.0,0.0,0.00015804265986529842,0.25794768259256845
2024-05-20,188.05276500067424,190.6252889956646,187.73491647398643,189.751220703125,44361300,0.0,0.0,0.006162123395226482,0.25785756856503117
2024-05-21,189.80087387660714,191.42980957851574,189.6320225414164,191.05238342285156,42309400,0.0,0.0,0.006857203420906011,0.25784138825195296
2024-05-22,190.97293553544338,191.51922822288097,188.9864276944718,189.61216735839844,34648500,0.0,0.0,-0.007538330789967351,0.2622023585207137
2024-05-23,189.6916095055364,189.71147882549133,185.3709645001415,185.61927795410156,51005900,0.0,0.0,-0.021058191886756172,0.27964998105615074
2024-05-24,187.54618613194728,189.2943073297369,186.77143423967982,188.69834899902344,36327000,0.0,0.0,0.016588099462832906,0.28066275085397346
2024-05-28,190.21804799663707,191.69800175645932,187.82431762786635,188.70831298828125,52280100,0.0,0.0,5.2803796698031036e-05,0.27228273392934416
2024-05-29,188.33086600869876,190.95305560689752,188.2315345598267,189.0062713623047,53068000,0.0,0.0,0.001578936133258324,0.2588020204953376
2024-05-30,189.47310363654154,190.88352231957748,189.34399093884022,189.99952697753906,49889100,0.0,0.0,0.00525514634025237,0.25505278757950367
2024-05-31,190.1485307236603,191.2709124904654,188.62885345568,190.95306396484375,75158300,0.0,0.0,0.0050186282169923935,0.24820336812680163
2024-06-03,191.5986571441052,193.67456916074488,191.22123099586668,192.72103881835938,50080500,0.0,0.0,0.009258688060858278,0.14462548187659188
2024-06-04,193.32693160548868,194.0023521144802,191.72779227719917,193.0388946533203,47471400,0.0,0.0,0.001649305321877792,0.1376183194316699
2024-06-05,194.08179923154876,195.5716800296083,193.55537589536917,194.5486297607422,54156800,0.0,0.0,0.007820885579215675,0.1384829304356916
2024-06-06,194.36984306207057,195.17437623382352,192.8600930073616,193.16799926757812,41181800,0.0,0.0,-0.0070965829718872,0.14359389401894482
2024-06-07,193.33687329712626,195.61143330627965,192.83031924399432,195.561767578125,53103900,0.0,0.0,0.012392157705329865,0.1453228291492205
2024-06-10,195.5716673445734,195.96897795846326,190.8537117900643,191.81716918945312,97010200,0.0,0.0,-0.019147906234668,0.16229459652332529
2024-06-11,192.34360572370616,205.762475197422,192.32375155853347,205.75253295898438,172373300,0.0,0.0,0.07264919938302095,0.2936334843914413
2024-06-12,205.97105482418652,218.7145040828182,205.50422428227435,211.6326141357422,198134300,0.0,0.0,0.02857841452639609,0.30488853030650115
2024-06-13,213.29133517221976,215.28776993558532,210.17251871917932,212.79470825195312,97862700,0.0,0.0,0.005491091819456395,0.3041791509826611
2024-06-14,212.40735976944958,213.71844708080008,209.87455920751867,211.05653381347656,70122700,0.0,0.0,-0.008168316086218264,0.307921773091864
2024-06-17,211.9306022572564,217.47296142543522,211.2849932161641,215.20834350585938,93728300,0.0,0.0,0.019671552533180536,0.3109344530873169
2024-06-18,216.12210108008887,217.15509356895643,211.56306955662498,212.8443603515625,79943300,0.0,0.0,-0.010984625947982884,0.317293623893572
2024-06-20,212.48680152632818,212.79472296910444,207.4410850045998,208.26547241210938,86172500,0.0,0.0,-0.02151284596824654,0.3318565903642308
2024-06-21,208.9706859649803,210.4605668046439,205.71281440805072,206.0902557373047,241805100,0.0,0.0,-0.010444442132493403,0.3334143751613397
2024-06-24,206.3187055335118,211.2651058128792,205.19632375372012,206.73587036132812,80727000,0.0,0.0,0.0031326790377046443,0.3197113505255251
2024-06-25,207.73903864641352,209.95400566525086,207.20268823087267,207.6595916748047,55549700,0.0,0.0,0.004468123078313013,0.31706476307707615
2024-06-26,210.07319184959564,213.41052543273105,209.21899292189278,211.81138610839844,66213200,0.0,0.0,0.019993270718241085,0.3208305072529564
2024-06-27,213.2416710401095,214.28459061162127,210.91746067332394,212.65565490722656,49772700,0.0,0.0,0.003985946243683314,0.320506162559756
2024-06-28,214.31439376890182,214.6123729638464,208.8812938369491,209.19912719726562,82542700,0.0,0.0,-0.016254106722291883,0.33020584669520475
2024-07-01,210.65922892540738,216.04266357466884,210.49037757076027,215.2877960205078,60402900,0.0,0.0,0.029104656911406845,0.3410887244142343
2024-07-02,214.6918109818244,218.89328562800327,213.6489065767971,218.78402709960938,58046200,0.0,0.0,0.016239801529523312,0.3428069020155333
2024-07-03,218.51584293427166,220.05538940429688,217.55238550522975,220.05538940429688,37369800,0.0,0.0,0.005811038043050054,0.3423312041401438
2024-07-05,220.15471670620812,224.92233836715073,220.15471670620812,224.81307983398438,60412400,0.0,0.0,0.02162042221536531,0.34636494351026004
2024-07-08,225.55801010059582,226.31289271610447,221.743919005718,226.28309631347656,59085900,0.0,0.0,0.006538838756969811,0.34211151173442317
2024-07-09,226.3923429370984,227.85242731023644,224.84286935479298,227.1372833251953,48076100,0.0,0.0,0.0037748600122362586,0.34206450552410167
2024-07-10,227.75312751683794,231.50762613234983,227.70346178953022,231.40829467773438,62627700,0.0,0.0,0.018803656053349105,0.32878627066636273
2024-07-11,229.82901193417422,230.82226580227746,224.2469300453064,226.0347900390625,64710600,0.0,0.0,-0.023220881715390385,0.25225431778101665
2024-07-12,227.37567478656334,231.07058040656065,227.13728840093884,228.9847412109375,53046500,0.0,0.0,0.013050872263359103,0.23851427586880686
2024-07-15,234.88466488344312,235.6296052667538,231.51753495711284,232.81869506835938,62631300,0.0,0.0,0.01674327222480776,0.24271997209265628
2024-07-16,233.4146487749432,234.67608537579065,230.7626628820321,233.23587036132812,43234300,0.0,0.0,0.0017918461953678744,0.23829565955049536
2024-07-17,227.90209958898402,229.8985495862513,225.11105861290636,227.33595275878906,57345900,0.0,0.0,-0.025295927223368042,0.25475560427071825
2024-07-18,228.7265030667722,228.88542732552744,220.7705449165008,222.6676483154297,66034600,0.0,0.0,-0.02053482692336217,0.2637399376911038
2024-07-19,223.30336793759506,225.27000658209923,221.773748315095,222.7967987060547,49151500,0.0,0.0,0.0005800141673120152,0.2483964145847309
2024-07-22,225.47858555528356,226.2433953805214,221.585031685846,222.4491729736328,48201800,0.0,0.0,-0.00156028154103105,0.24374244272405238
2024-07-23,222.85638350906987,225.40905343076804,221.17778191166562,223.4920654296875,39960300,0.0,0.0,0.004688228066275224,0.24373676310043244
2024-07-24,222.48886176091068,223.28346786979841,215.66521268088363,217.06568908691406,61777600,0.0,0.0,-0.02875438253442264,0.27003076694709194
2024-07-25,217.45306951901438,219.36013034825794,213.17214762576046,216.02279663085938,51391200,0.0,0.0,-0.004804501625483071,0.26279762971474996
2024-07-26,217.22462220056258,218.0093012590926,214.55276681781487,216.4896240234375,41601300,0.0,0.0,0.002161009855713658,0.2626130206980897
2024-07-29,215.49635179854616,217.82056206049742,214.29450802816862,216.76771545410156,36311800,0.0,0.0,0.0012845485409220814,0.2545642057314818
2024-07-30,217.71132777069818,218.84363662609175,214.6620309808042,217.32395935058594,41643800,0.0,0.0,0.0025660827550777476,0.23350924699358017
2024-07-31,219.94613576688096,222.31008478832948,219.14160257039833,220.58181762695312,50036300,0.0,0.0,0.01499079202358744,0.23243751302725002
2024-08-01,222.85636745689294,222.96562598955987,215.5559605569344,216.8869171142578,62501000,0.0,0.0,-0.01675070299286463,0.2393104173813174
2024-08-02,217.6715683981697,224.07806765618477,216.24129562954897,218.3767852783203,105568600,0.0,0.0,0.006869331649347998,0.22651731621352306
2024-08-05,197.74691336614487,212.0597055615941,194.6777624827749,207.85824584960938,119548600,0.0,0.0,-0.04816693045144471,0.27850472476545973
2024-08-06,203.91501287026546,208.5733757245506,199.7135534430835,205.8319854736328,69660500,0.0,0.0,-0.009748279976550034,0.27757543787975214
2024-08-07,205.50421123787663,212.1987475040528,204.9976572409954,208.40452575683594,63516400,0.0,0.0,0.012498253258761194,0.2713059978012785
2024-08-08,211.67235443417223,212.75499762550604,207.42122864939222,211.87100219726562,47161100,0.0,0.0,0.016633402887201942,0.2728418575467667
2024-08-09,210.66916408754707,215.31758519349225,210.5400362270979,214.78123474121094,42201600,0.0,0.0,0.01373587000469123,0.2733895400481298
2024-08-12,214.8607709437837,218.28150622882862,214.39340008618356,216.31259155273438,38028100,0.25,0.0,0.007129844529335072,0.26619150106240086
2024-08-13,217.7843306202791,220.64821789171992,217.7843306202791,220.0316925048828,44155300,0.0,0.0,0.017193178286349475,0.27572197522141334
2024-08-14,219.33559848009435,221.7818227179272,218.4704570730026,220.47915649414062,41960600,0.0,0.0,0.0020336342649724948,0.26286730930734276
2024-08-15,223.34303300242357,224.0888356302054,221.51331902381992,223.4623565673828,46414000,0.0,0.0,0.013530531051906713,0.25773649363476697
2024-08-16,222.6668580486994,225.56057624113714,222.39836482120643,224.78494262695312,44340200,0.0,0.0,0.00591860785810483,0.25850741741953215
2024-08-19,224.45676193958974,224.7252551363764,221.79175263729985,224.6258087158203,40687800,0.0,0.0,-0.0007079384823248658,0.25843184680556874
2024-08-20,224.50649118022673,225.89865006504533,224.18827476461456,225.24234008789062,30299000,0.0,0.0,0.002744704072942472,0.25811745653835094
2024-08-21,225.25231910261834,226.7041399348782,223.79054452288287,225.1329803466797,34765500,0.0,0.0,-0.00048552035628945944,0.23397287537745928
2024-08-22,226.51517227009805,227.06209724349452,222.64694316501192,223.27342224121094,43695300,0.0,0.0,-0.008259820940518026,0.2356079858322419
2024-08-23,224.39712188969804,226.9427926991927,223.07456326985692,225.5705108642578,38677300,0.0,0.0,0.01028823135323842,0.237550296817102
2024-08-26,225.490936936756,226.00803101617393,222.6370036872603,225.90858459472656,30602200,0.0,0.0,0.0014987496777545406,0.2375409850027627
2024-08-27,224.73520717839608,227.5692634267734,223.63141860700006,226.75384521484375,35934600,0.0,0.0,0.003741604692152567,0.23760325543715946
2024-08-28,226.64446298605537,228.57360836626125,224.41699349604747,225.22247314453125,38052200,0.0,0.0,-0.006753455796357333,0.23463782422958687
2024-08-29,228.8122756660522,231.61648594304322,227.5991020536236,228.50399780273438,51906300,0.0,0.0,0.014570147518526255,0.22922789191222576
2024-08-30,228.90175696593346,229.11057321557684,226.2069166530855,227.71841430664062,52990800,0.0,0.0,-0.0034379420213555,0.2296686884868786
2024-09-03,227.2709519194148,227.7184305167556,219.93224829880322,221.52330017089844,50190600,0.0,0.0,-0.027205152269328514,0.17400957451649585
2024-09-04,220.41947805942777,220.53880162102288,216.26286364094776,219.614013671875,43840200,0.0,0.0,-0.008618896962759637,0.17293385431469502
2024-09-05,220.38968006999326,224.2181249188319,220.28029506440387,221.13548278808594,36615400,0.0,0.0,0.006927923636440347,0.17011259792691358
2024-09-06,222.69667077468378,223.97945984429646,218.54007124155592,219.58419799804688,48423000,0.0,0.0,-0.0070150876308061605,0.16567289966061016
2024-09-09,219.58419811845144,220.03167667908036,215.49719894103853,219.67369079589844,67180000,0.0,0.0,0.0004075557288159004,0.15962625846612435
2024-09-10,217.69481595725216,220.24048653111632,215.5170698289156,218.87815856933594,51591000,0.0,0.0,-0.003621426961418095,0.15886697388997917
2024-09-11,220.22062862304543,221.84149617822106,216.6706004766808,221.41390991210938,44587100,0.0,0.0,0.011585218732412583,0.1522240936853405
2024-09-12,221.2548069431359,222.29893378586118,218.58981250678085,221.52330017089844,37455600,0.0,0.0,0.0004940532364587913,0.1520972427329246
2024-09-13,222.32874892129448,222.78616606005667,220.66809680320824,221.25479125976562,36766600,0.0,0.0,-0.0012121023428490751,0.14384125521947616
2024-09-16,215.32814508742544,216.00434741371936,212.72281255665072,215.10939025878906,59357400,0.0,0.0,-0.027775222249363685,0.171161881599418
2024-09-17,214.54256344637628,215.6861214463737,213.2995590231644,215.5767364501953,45519300,0.0,0.0,0.0021725978156694747,0.1717861847184681
2024-09-18,216.3324839032867,221.46360959170417,216.32253015734062,219.4549102783203,59894900,0.0,0.0,0.01798976036090516,0.18535555918816932
2024-09-19,223.7308512841788,228.53382206057998,223.37286541347208,227.58912658691406,66781300,0.0,0.0,0.037065547078794614,0.22993632316772591
2024-09-20,228.6829959505254,231.7855303113645,226.34614143297367,226.9228973388672,318679900,0.0,0.0,-0.002927333383796138,0.22796887773338506
2024-09-23,226.06768660880982,228.16587858738447,224.54625047736963,225.2025604248047,54146000,0.0,0.0,-0.007581151722620083,0.22704011379906483
2024-09-24,227.3703848763016,228.06647955891447,224.466728085426,226.09754943847656,43556100,0.0,0.0,0.003974151146344251,0.22742434209156018
2024-09-25,223.67119056847437,226.0179836305296,222.76629484001745,225.10313415527344,42308700,0.0,0.0,-0.004398169222412207,0.2275495473633972
2024-09-26,226.02793410267134,227.22121534991766,224.14851196557498,226.2467041015625,36636700,0.0,0.0,0.00508020446085955,0.2269524650376209
2024-09-27,227.1814462394898,228.23551159576573,226.0279344568732,226.5151824951172,34026000,0.0,0.0,0.0011866621200995464,0.22069576311131803
2024-09-30,228.75258844686658,231.69602966308594,228.3647716650959,231.69602966308594,54541900,0.0,0.0,0.0228719643023505,0.2350961690638527
2024-10-01,228.23551952322458,228.364781673884,222.48786790384585,224.9440460205078,63285000,0.0,0.0,-0.029141559535553196,0.2382534265227327
2024-10-02,224.62581519597003,226.09752818761766,221.771881889721,225.51083374023438,32880600,0.0,0.0,0.00251968313788975,0.2356339414137209
2024-10-03,223.8800260213992,225.5406782135141,222.07021935855937,224.4070587158203,34044200,0.0,0.0,-0.004894554315228561,0.2357123964977204
2024-10-04,226.6245660168141,226.72401244250622,222.87567550784985,225.53073120117188,37245100,0.0,0.0,0.005007295634022579,0.23425787677544577
2024-10-07,223.24361256318196,224.42695529805295,220.09135491038006,220.4493408203125,39505400,0.0,0.0,-0.022530811449934074,0.24926850307385148
2024-10-08,223.0447257693685,224.71531649859696,222.00059897690352,224.50650024414062,31855700,0.0,0.0,0.018404044252212648,0.25682708899514906
2024-10-09,223.96952441146985,228.4642330490597,223.57176903047048,228.25540161132812,33591100,0.0,0.0,0.016698409013149895,0.2601380097708198
2024-10-10,226.50525089558744,228.21562630222516,225.89866409237993,227.75819396972656,28183500,0.0,0.0,-0.002178295182026835,0.2604682723181475
2024-10-11,228.0167412789572,228.12612627842185,226.0677036085129,226.2765350341797,31759200,0.0,0.0,-0.006505403426863343,0.2618776365144486
2024-10-14,227.42008369962844,230.43312517401645,227.32065245091678,230.0055389404297,39882100,0.0,0.0,0.01647985243227601,0.2432725134038563
2024-10-15,232.30261271123658,236.16090332060597,231.0695468532438,232.54127502441406,64751400,0.0,0.0,0.011024673995529755,0.24467417723080287
2024-10-16,230.30386376880503,230.8209426799016,228.55370384388218,230.48284912109375,34082200,0.0,0.0,-0.008851873299070001,0.24272727945095024
2024-10-17,232.12363500920497,232.54129789168553,229.22993194101554,230.85079956054688,32993800,0.0,0.0,0.0015964330571938135,0.20568876028505303
2024-10-18,234.8582339303053,234.8582339303053,232.70037994861724,233.68484497070312,46431500,0.0,0.0,0.012276524125327759,0.2090945924363577
2024-10-21,233.13790198735873,235.52447953691794,233.13790198735873,235.1565399169922,36254500,0.0,0.0,0.006297776590833637,0.20684589023720593
2024-10-22,232.5810627118631,234.89802497361626,231.29828871484364,234.5400390625,38846600,0.0,0.0,-0.002621661531122199,0.20743913344073267
2024-10-23,232.7700095738542,233.8240750212742,226.48537118587697,229.4685821533203,52287000,0.0,0.0,-0.021622989957071903,0.2228326390771818
2024-10-24,228.69292294524882,229.52823345451665,227.131717270346,229.27963256835938,31109500,0.0,0.0,-0.0008234224624035225,0.2224031230048887
2024-10-25,228.45427709115,231.91479719738325,228.28523030841902,230.11492919921875,38802300,0.0,0.0,0.0036431348982135514,0.22263648895156596
2024-10-28,232.01424158684446,233.41633904858514,231.24854661133642,232.09378051757812,36087100,0.0,0.0,0.008599404329156846,0.20930482537443418
2024-10-29,231.79547204033784,233.01858415019296,231.0198384903425,232.36227416992188,35417200,0.0,0.0,0.001156832603377067,0.17837689168096293
2024-10-30,231.30820323038637,232.1633908639167,228.26533088908346,228.812255859375,47070900,0.0,0.0,-0.015277946143489762,0.18818817370932622
2024-10-31,228.05651850818114,228.54378173572667,224.10873499320775,224.64572143554688,64370100,0.0,0.0,-0.018209402324973478,0.19914240866314536
2024-11-01,219.73337585269815,224.0888686971337,219.03729633206578,221.6625213623047,65276700,0.0,0.0,-0.013279576633726808,0.20372643055820047
2024-11-04,219.75323643771605,221.54315061130296,218.4804011628397,220.76751708984375,44944500,0.0,0.0,-0.004037688766510339,0.18747451852820382
2024-11-05,220.55871830266648,222.6966799421733,219.90240829460964,222.19947814941406,28111300,0.0,0.0,0.006486285113165291,0.1765274146509285
2024-11-06,221.36417152277414,224.80481443000403,219.95212032394844,221.4735565185547,54561100,0.0,0.0,-0.0032669817089815423,0.1646165765421267
2024-11-07,223.37286824297072,226.60467969295215,223.31320645932942,226.2069091796875,42137700,0.0,0.0,0.02137208945184499,0.1833996684533155
2024-11-08,226.1471868576639,227.63048374280507,225.39061415381417,225.93814086914062,38328800,0.25,0.0,-0.0011881525260282189,0.18197074189254162
2024-11-11,223.98696589218596,224.68381119249955,220.50272420052974,223.22042846679688,42005600,0.0,0.0,-0.012028568491752822,0.17573267331955192
2024-11-12,223.53899499841924,224.5743058460154,222.354350392842,223.22042846679688,40398300,0.0,0.0,0.0,0.16961384745565858
2024-11-13,223.00142703514817,225.629540269826,221.75705495073464,224.10643005371094,48566200,0.0,0.0,0.003969177879460384,0.16883720797201623
2024-11-14,224.00686988588794,227.83952645793332,223.98695568104733,227.1924591064453,44923900,0.0,0.0,0.013770372639440698,0.1769864626177002
2024-11-15,225.3806289066043,225.89829186208544,223.2602295516183,223.9869384765625,47923700,0.0,0.0,-0.014109273883870177,0.1760298006276926
2024-11-18,224.23582987715278,228.70561947942855,224.1561882479486,226.9933624267578,44633700,0.0,0.0,0.013422318152314539,0.18222320246207563
2024-11-19,225.95804731142948,229.123737666772,225.63949596937007,227.252197265625,36211800,0.0,0.0,0.001140274923019824,0.1824605975978908
2024-11-20,227.0331781982001,228.89475383274825,224.8729502483013,227.9689483642578,35169600,0.0,0.0,0.0031539897402841355,0.16676527280033174
2024-11-21,227.8494838511811,229.12371949855563,224.69375844400457,227.49110412597656,42108300,0.0,0.0,-0.0020960935325180508,0.1668818942574416
2024-11-22,227.03318893672346,229.6812162999479,227.03318893672346,228.8350372314453,38168300,0.0,0.0,0.0059076292703055255,0.16778968877459371
2024-11-25,230.41787789282506,232.19981188776785,228.70562083004268,231.82151794433594,90152800,0.0,0.0,0.013050801787272137,0.17159579442376743
2024-11-26,232.27945661483375,234.50937670519198,232.27945661483375,234.0016632080078,45986200,0.0,0.0,0.009404412856080846,0.1748027166054841
2024-11-27,233.41434823864878,234.62885665464324,232.75731610735548,233.8722686767578,33498400,0.0,0.0,-0.0005529641519469441,0.1648047348323664
2024-11-29,233.75280101667178,236.73929396987336,232.91658663539664,236.26145935058594,28481400,0.0,0.0,0.010215792951195457,0.15082256772239494
2024-12-02,236.20171450499868,239.70585504150458,236.0922091638524,238.51126098632812,48137100,0.0,0.0,0.009522507995701979,0.14040629989849526
2024-12-03,238.73028547870095,241.66700046466846,237.82437898500294,241.5574951171875,38861000,0.0,0.0,0.012771867115465074,0.14078695954544893
2024-12-04,241.7765092325954,243.01093178619982,240.16380790150487,241.91587829589844,44383900,0.0,0.0,0.0014836351011882076,0.14099287782240824
2024-12-05,242.8914746561807,243.43898620611924,241.03984843814553,241.94573974609375,40033900,0.0,0.0,0.00012343733038799876,0.13908107687271767
2024-12-06,241.81633519239523,243.5285923470879,240.99007032901886,241.74664306640625,36870600,0.0,0.0,-0.0008228980592773771,0.12488969132532213
2024-12-09,240.74119161135067,246.12683738886614,240.6615499788263,245.6390380859375,44649200,0.0,0.0,0.01610113369169741,0.13145096692625735
2024-12-10,245.7783914922151,247.09245556004478,244.23536723926503,246.65443420410156,36914800,0.0,0.0,0.004133691965561459,0.11663597233290275
2024-12-11,246.8435859006099,249.67079537394437,245.15122786747497,245.3802032470703,45205800,0.0,0.0,-0.005166057367437582,0.1209522400014632
2024-12-12,245.77840766369866,247.62008434324935,244.57384885559844,246.84359741210938,32777500,0.0,0.0,0.005963782512502069,0.12098404376933514
2024-12-13,246.70423080565516,248.16759835190283,245.13134272203925,247.01283264160156,33155300,0.0,0.0,0.0006855969985304355,0.11707041591446884
2024-12-16,246.87345818165343,250.2481944775453,246.53497744922532,249.9097137451172,51694800,0.0,0.0,0.011727654278264943,0.09775850157905648
2024-12-17,248.95404406138837,252.68716009783537,248.655391740455,252.33872985839844,51356400,0.0,0.0,0.00971957462909434,0.09461596427469382
2024-12-18,251.02467749046986,253.13512753347695,246.62457993830327,246.9331817626953,56774100,0.0,0.0,-0.021421793232994757,0.13367766245483637
2024-12-19,246.38567648715164,250.86541605964533,245.97751879159193,248.6653594970703,60882300,0.0,0.0,0.007014762949272724,0.13398091799104514
2024-12-20,246.92322076153135,253.8518908180873,244.58381048961357,253.3441925048828,147495300,0.0,0.0,0.018815781246231955,0.14093950785234155
2024-12-23,253.62293295259332,254.49896052911285,252.30886880268173,254.1206817626953,40858800,0.0,0.0,0.003064957795697376,0.14117380137380967
2024-12-24,254.3396705835317,257.0474099027653,254.14055892454206,257.0374755859375,23234700,0.0,0.0,0.011477986769947268,0.1401338557148504
2024-12-26,257.0275101814573,258.9289141129315,256.47003399402934,257.853759765625,27237100,0.0,0.0,0.0031757399493077543,0.13940528849197784
2024-12-27,256.66912911312295,257.53523753189216,251.92061656694878,254.43922424316406,42355300,0.0,0.0,-0.013242139752255522,0.15263896265842333
2024-12-30,251.0943626150189,252.3586488565982,249.62103037787767,251.0644989013672,35557500,0.0,0.0,-0.013263384809614531,0.16291049595522714
2024-12-31,251.30343580421712,252.13965020658335,248.30697807727114,249.2925262451172,39480700,0.0,0.0,-0.007057838380193027,0.16485144864105788
2025-01-02,247.80923593603873,247.97848391284077,240.7312618496379,242.7521209716797,55740700,0.0,0.0,-0.02623586583982318,0.18834984574860816
2025-01-03,242.26431274414062,243.080612931882,240.80092995907523,242.26431274414062,40244100,0.0,0.0,-0.0020094911038737173,0.1884702104150304
2025-01-06,243.2100158477468,246.21642284830082,242.10501290585998,243.89691162109375,45045600,0.0,0.0,0.006738916097301262,0.18992019908111843
2025-01-07,241.8860138278822,244.44445006993732,240.2633629937866,241.11949157714844,40856000,0.0,0.0,-0.01138768025181136,0.19452083616868834
2025-01-08,240.83076714912374,242.61271628247306,238.96919157849698,241.6072540283203,37628900,0.0,0.0,0.00202290759648438,0.18520534755565954
2025-01-10,238.9293760168756,239.0787097724967,231.95094323601768,235.7836151123047,61710900,0.0,0.0,-0.0241037419982969,0.20169410225473247
2025-01-13,232.47855694506205,233.61342361918983,228.68571346021633,233.34463500976562,49630700,0.0,0.0,-0.01034414584481358,0.20354194465422312
2025-01-14,233.69305795736565,235.05688478727922,231.4233246799516,232.22967529296875,39435300,0.0,0.0,-0.004778167352123663,0.20122285531784817
2025-01-15,233.58354315722423,237.88409983929475,233.37448198930954,236.7989959716797,39832000,0.0,0.0,0.019675869041915206,0.2165088170182812
2025-01-16,236.2813854529523,236.93840239126823,227.00333958663936,227.2322998046875,71759100,0.0,0.0,-0.04040007064952389,0.2492061150159572
2025-01-17,231.07489856287185,231.24413133243607,227.4512878984511,228.9445343017578,68488300,0.0,0.0,0.007535172150006986,0.24765402547723062
2025-01-21,222.99146586562136,223.40957304130882,218.39227174297113,221.63758850097656,98070400,0.0,0.0,-0.031915790534446264,0.25954734277809377
2025-01-22,218.80040121474653,223.11090745632038,218.80040121474653,222.8222198486328,64126500,0.0,0.0,0.005344902711080568,0.25856567425116334
2025-01-23,223.72813912330528,226.00782197454978,221.29912251598503,222.6529998779297,60234800,0.0,0.0,-0.0007594393899229557,0.24318524479915027
2025-01-24,223.76794215782238,224.614121166801,220.4131202139208,221.77694702148438,54697900,0.0,0.0,-0.003934610613490985,0.2408594756288597
2025-01-27,223.01138591977585,231.10477141655377,222.9715575076631,228.82508850097656,94863400,0.0,0.0,0.031780316097549166,0.27015176743539554
2025-01-28,229.81063008981926,239.1085741517517,229.77080167884077,237.187255859375,75707600,0.0,0.0,0.03654392712433174,0.3079452200076706
2025-01-29,233.06590496072297,238.78006694024197,232.95639961161774,238.28231811523438,45486100,0.0,0.0,0.004616868018021192,0.30735269035888035
2025-01-30,237.59540286874542,239.70585285329432,236.14198492507634,236.520263671875,55658300,0.0,0.0,-0.007394818286547089,0.30547821197998454
2025-01-31,246.07705979363328,246.07705979363328,232.38896748106293,234.93743896484375,100959800,0.0,0.0,-0.006692131500525944,0.305413406568188
2025-02-03,228.9545099800506,230.78622201033428,224.68381655532258,226.98341369628906,73063300,0.0,0.0,-0.03385592906605628,0.31424381814887864
2025-02-04,226.2268315478868,232.08036234711574,225.62952690670866,231.75184631347656,45067300,0.0,0.0,0.021007846077986114,0.32577701931905634
2025-02-05,227.50106167329415,231.62242106375825,227.24223776986636,231.42332458496094,39620300,0.0,0.0,-0.0014175581931341608,0.3241526095661682
2025-02-06,230.24863411824003,232.74734282564026,229.39250557129796,232.16995239257812,29925300,0.0,0.0,0.0032262426829974267,0.3229405410708006
2025-02-07,231.5527419594936,232.94643248808816,226.23677336593994,226.60511779785156,39707200,0.0,0.0,-0.023968797587195723,0.3320261772413761
2025-02-10,228.7876615470872,229.80417456619486,226.42572786906877,226.8741912841797,33115600,0.25,0.0,0.0011874113389096497,0.32270297273748716
2025-02-11,227.42233485023965,234.42837673351212,227.3525813044295,231.8272705078125,53718400,0.0,0.0,0.021831831975231752,0.33140188565763595
2025-02-12,230.41209906543347,236.15247950770552,229.89386689621963,236.06277465820312,45243300,0.0,0.0,0.018270085918334233,0.3371522814919286
2025-02-13,236.10264318513748,241.514131106333,234.7672133917818,240.70689392089844,53614100,0.0,0.0,0.01967323848251623,0.33715035250631775
2025-02-14,240.4278591482801,244.71320848741047,240.16875066053348,243.76644897460938,40896200,0.0,0.0,0.012710708047756869,0.30139386968280646
2025-02-18,243.31796980618805,244.34445851454996,241.01584434943877,243.6368865966797,48822500,0.0,0.0,-0.0005315020933959191,0.3013888899063427
2025-02-19,243.8262313730556,245.17162160901916,242.33134319523683,244.03550720214844,32204200,0.0,0.0,0.0016361258388950528,0.2714580063526311
2025-02-20,244.10528213544586,245.93900803040836,243.45748811790233,244.99224853515625,32316900,0.0,0.0,0.00392050052050541,0.27147856556878946
2025-02-21,245.11182656230832,247.84249441981407,244.38431857946645,244.71319580078125,53197400,0.0,0.0,-0.0011390267898004902,0.27158670236792326
2025-02-24,244.0953010258401,248.01191597096326,243.58704451830639,246.25791931152344,51326400,0.0,0.0,0.006312383382871323,0.2696074212587596
2025-02-25,247.15485528022737,249.14803959700342,244.0753891604379,246.1981201171875,48013300,0.0,0.0,-0.0002428315584860341,0.2513728790671271
2025-02-26,243.49736566903925,244.14514449402503,238.3150894487839,239.5408935546875,44433600,0.0,0.0,-0.02704011939380868,0.24264364053815077
2025-02-27,238.5941277716784,241.6337368385667,236.25213016109495,236.49131774902344,41153600,0.0,0.0,-0.01273091938670523,0.24662104899468346
2025-02-28,236.14250368420718,241.26498665715278,229.41550676334808,241.01583862304688,56833400,0.0,0.0,0.019131868844441513,0.25430096497161636
2025-03-03,240.96600727263495,243.1983791446907,235.30537120652147,237.2188262939453,47184000,0.0,0.0,-0.015754202507164528,0.2599389645197713
2025-03-04,236.89992456399492,239.25188262538288,233.88023638606123,235.1259765625,53798100,0.0,0.0,-0.008822443665799096,0.22929566018800326
2025-03-05,234.61771347352882,235.7438674276595,228.44880585950324,234.93663024902344,47227600,0.0,0.0,-0.000805297297409524,0.2179314922727752
2025-03-06,233.64107919926062,237.0494227188423,232.36544239217005,234.52804565429688,45170400,0.0,0.0,-0.0017391268202556764,0.21797733489345925
2025-03-07,234.30878315837532,240.54744460053885,233.95996981993864,238.2552947998047,46273600,0.0,0.0,0.015892551933860855,0.22442254695792987
2025-03-10,234.73730306532093,235.35520052510583,223.45588808739058,226.70477294921875,72071200,0.0,0.0,-0.04847960193409895,0.27280555853270105
2025-03-11,223.04728218644934,225.0703629938446,216.7089556312574,220.08740234375,76137400,0.0,0.0,-0.029189374883390795,0.2919330901081804
2025-03-12,219.3897895710681,220.99430349899413,214.17761702040198,216.2405548095703,62547500,0.0,0.0,-0.01747872660231309,0.2837566099631441
2025-03-13,215.21406028960521,216.10102664759694,207.70972301630272,208.96542358398438,61368300,0.0,0.0,-0.03364369478238116,0.2911075883194551
2025-03-14,210.53007941159925,213.22087501834247,208.86577244295887,212.762451171875,60107600,0.0,0.0,0.01817060221144473,0.2893995627673387
2025-03-17,212.58305520506434,214.48654973692538,209.25444129100026,213.2707061767578,48073400,0.0,0.0,0.002388837889784501,0.2827966488273351
2025-03-18,213.43018643369246,214.4168029665515,210.76928711901598,211.96519470214844,42432400,0.0,0.0,-0.006121382059509739,0.2819247838018563
2025-03-19,213.48995680484757,218.0144781615262,213.0215573102422,214.50648498535156,54385400,0.0,0.0,0.011989186652903605,0.28834921971273164
2025-03-20,213.2607660976187,216.74883872802718,211.49679368091097,213.37039184570312,48862900,0.0,0.0,-0.005296311389961117,0.28587482665858066
2025-03-21,210.83902892918795,218.09421843072647,210.55998434888178,217.5261688232422,94127800,0.0,0.0,0.019476821228993524,0.3002282655076624
2025-03-24,220.24685206675267,220.72521201243578,217.8351010318318,219.97776794433594,44299500,0.0,0.0,0.011270364087025753,0.30335861876856174
2025-03-25,220.0176475207108,223.3363011191594,219.32999652191663,222.98748779296875,34493600,0.0,0.0,0.013681927390928106,0.31047286920890144
2025-03-26,222.7483031053444,224.25316696482244,219.71866969932233,220.77505493164062,34466100,0.0,0.0,-0.00992178029012214,0.299943798869551
2025-03-27,220.63554992146092,224.22328797900445,219.8083765580053,223.08717346191406,37094800,0.0,0.0,0.010472734480756252,0.30218231624446074
2025-03-28,220.91458161653458,223.04728822423488,216.93817343567548,217.1574249267578,39818600,0.0,0.0,-0.026580409994609533,0.30186637115611287
2025-03-31,216.27045427307317,224.8511131847691,215.49311362240712,221.37301635742188,65299300,0.0,0.0,0.019412605542204586,0.3109607553890719
2025-04-01,219.06091135294477,222.91771798921508,218.15400887457568,222.4293975830078,36412700,0.0,0.0,0.004771951175297495,0.31148275623292354
2025-04-02,220.56578026164416,224.4225869866718,220.2667995775576,223.12701416015625,35905900,0.0,0.0,0.00313635061160511,0.3120953324712982
2025-04-03,204.8395255545537,206.78289223919597,200.56415230327434,202.49754333496094,103419000,0.0,0.0,-0.09245617749533397,0.44668962269746215
2025-04-04,193.2292544699453,199.19884701911502,186.70157274086588,187.738037109375,125910900,0.0,0.0,-0.07288733474248388,0.495083158463045
2025-04-07,176.59612158290105,193.48835506739644,174.02491207450518,180.84161376953125,160466300,0.0,0.0,-0.03673428915114274,0.4850586093641139
2025-04-08,186.06374707733985,189.6913418115003,168.63336050772435,171.83241271972656,120859500,0.0,0.0,-0.04981818543870231,0.5007186609487524
2025-04-09,171.3640242168161,199.92636006312654,171.30423111843703,198.17236328125,184395900,0.0,0.0,0.15328860338175065,0.7697194204838429
2025-04-10,188.42568213047016,194.11621470149436,182.37636057603893,189.7710723876953,121880000,0.0,0.0,-0.04239385731920353,0.7749082138245672
2025-04-11,185.46580802047046,198.85999394662434,185.42593581806156,197.4747314453125,87435900,0.0,0.0,0.040594485559310556,0.7872940973397229
2025-04-14,210.7194495182335,212.2143377637297,200.47448329230923,201.82984924316406,101352900,0.0,0.0,0.022054050996684893,0.7920226832273948
2025-04-15,201.1720815277121,202.81645240683693,199.11910423874315,201.4511260986328,51343900,0.0,0.0,-0.0018764476411760045,0.7918448072086787
2025-04-16,197.68401406478426,200.01603598224625,191.71442177543545,193.6079559326172,59732400,0.0,0.0,-0.0389333647218012,0.8010105090607287
2025-04-17,196.5279673080365,198.15241736523095,193.75744237056688,196.3087158203125,52164700,0.0,0.0,0.013949632775603904,0.8034867456587835
2025-04-21,192.61136524453693,193.13955785695288,189.1631497833642,192.50173950195312,46742500,0.0,0.0,-0.01939280333250215,0.8009236384478441
2025-04-22,195.45165216386687,200.9030125684292,195.3021694205859,199.059326171875,52976400,0.0,0.0,0.0340650774735225,0.8110574164086086
2025-04-23,205.29797863560773,207.29116289420588,202.10888686320854,203.9027557373047,52929200,0.0,0.0,0.024331588268553084,0.8149697121063049
2025-04-24,204.1917755069081,208.11835121294007,202.2484237558185,207.659912109375,47311000,0.0,0.0,0.018426216744764412,0.8180959847385995
2025-04-25,205.66671618569228,209.0352025034097,205.49729734578435,208.56680297851562,38222300,0.0,0.0,0.004367192781353779,0.8171648942800845
2025-04-28,209.2843516085664,210.77923983434187,206.7530142372406,209.4238739013672,38743100,0.0,0.0,0.004109335285442661,0.8122340982631668
2025-04-29,207.978817902887,211.51672307140856,207.6599011161091,210.490234375,36827600,0.0,0.0,0.005091876364272663,0.8091392002742337
2025-04-30,208.58674127234366,212.8521544830753,205.96569903614,211.7758331298828,52286500,0.0,0.0,0.0061076408542186655,0.809286353391205
2025-05-01,208.3674918385056,213.82881264887993,208.18809734114114,212.59304809570312,57365700,0.0,0.0,0.0038588679064202047,0.8093423370849182
2025-05-02,205.38766067678682,206.2846026840361,201.47106105284274,204.6501922607422,101010600,0.0,0.0,-0.03736178537402268,0.7482864547188728
2025-05-05,202.40787903175757,203.4044712176219,197.5345438511527,198.21221923828125,69018500,0.0,0.0,-0.03145842645609831,0.7069397007281994
2025-05-06,197.5345306234426,199.96620262041338,196.34858356859348,197.83349609375,51216500,0.0,0.0,-0.0019106952436467317,0.6912107922250463
2025-05-07,198.49125449640593,198.7603386318323,192.59143085844198,195.58120727539062,68536700,0.0,0.0,-0.011384769833375663,0.6634269539454322
2025-05-08,197.04619801698016,199.3682595147921,194.0165494128041,196.81698608398438,50478900,0.0,0.0,0.0063184946335548275,0.3782317615333248
2025-05-09,198.32183886048443,199.85658408831688,196.86680762308345,197.8534393310547,36453900,0.0,0.0,0.005266076204561099,0.3437652450215162
2025-05-12,210.52676720097676,210.82613996616402,206.31563192374182,210.34713745117188,63775800,0.26,0.0,0.0631462266329994,0.3840368962906731
2025-05-13,209.98788789546765,212.95164926547025,208.56089957562318,212.48263549804688,51909300,0.0,0.0,0.010152256278603833,0.3786714869103925
2025-05-14,211.98367663769176,213.49051386836734,210.13757262915965,211.88389587402344,49325800,0.0,0.0,-0.0028178284904083473,0.3788418236743894
2025-05-15,210.506803034962,212.51258988469863,209.0997617101353,211.00575256347656,45029500,0.0,0.0,-0.004144455183460405,0.3467870371861191
2025-05-16,211.9138418912236,212.12340739052024,209.3292870180407,210.81614685058594,54737900,0.0,0.0,-0.0008985807760553133,0.3454438103854484
2025-05-19,207.47318710280226,209.0398806327114,203.83084657536088,208.3413543701172,46140500,0.0,0.0,-0.011739103087880398,0.3396499976846792
2025-05-20,207.23369558110693,208.03201787298204,204.5992426766309,206.42539978027344,42496600,0.0,0.0,-0.009196227967492532,0.3234876034643229
2025-05-21,204.73893602091724,206.60500227852873,200.28831500749223,201.6654052734375,59211800,0.0,0.0,-0.023059151208633444,0.3238608567774985
2025-05-22,200.2883071907537,202.32401437172413,199.28041949489233,200.9369354248047,46742400,0.0,0.0,-0.003612269777481525,0.3162678122484257
2025-05-23,193.26311186041877,197.28464391104225,193.05356158182016,194.85975646972656,78432900,0.0,0.0,-0.03024421041472658,0.3313171585933378
2025-05-27,197.88337691051132,200.31825293342968,197.01519441683536,199.78936767578125,56288500,0.0,0.0,0.0252982519087801,0.34573128696006755
2025-05-28,200.16855762950956,202.30406088976383,199.48000488022652,199.99891662597656,45339700,0.0,0.0,0.0010488493588676207,0.3449081425780774
2025-05-29,203.15228556391767,203.38179807643976,198.09293019267844,199.5299072265625,51396800,0.0,0.0,-0.002345059699954133,0.3434670992810625
2025-05-30,198.95112277889336,201.53569281345096,196.36656797106642,200.4280242919922,70819900,0.0,0.0,0.004501165153201203,0.3436386444612024
2025-06-02,199.85921507319503,201.70533435611304,199.69954757512772,201.27622985839844,35423300,0.0,0.0,0.0042319709002895944,0.3188526523765919
2025-06-03,200.92696184786135,203.34187550579085,200.53778186221837,202.84292602539062,46381600,0.0,0.0,0.007783811173800226,0.29831592940793766
2025-06-04,202.48369763994597,205.80670326672896,201.67540185470463,202.39389038085938,43604000,0.0,0.0,-0.002213711137626917,0.29836138579523813
2025-06-05,203.07246156364138,204.3198354061699,199.7294935749724,200.20849609375,55126100,0.0,0.0,-0.010797728543074925,0.29803734583475644
2025-06-06,202.57349663849442,205.26782088834017,201.62549563553227,203.49156188964844,46607700,0.0,0.0,0.016398234140678536,0.3023891471509894
2025-06-09,203.96058960802065,205.56720771427428,199.59977555964565,201.02676391601562,72862600,0.0,0.0,-0.012112531599563048,0.30604616230210757
2025-06-10,200.1785434107301,203.92066462184746,200.14860765917956,202.2441864013672,54672600,0.0,0.0,0.006056021902935083,0.2014213861103507
2025-06-11,203.0724503091444,204.07034932786254,197.99314795828434,198.36236572265625,60989900,0.0,0.0,-0.01919373183369144,0.2050630079837321
2025-06-12,198.66173587371065,199.26046614106752,196.94534836583952,198.78147888183594,43904600,0.0,0.0,0.0021128663073402,0.20597848866189467
2025-06-13,199.3103695725812,199.9490243445518,195.2888376882346,196.03726196289062,51447300,0.0,0.0,-0.013805194198080128,0.20944961473660284
2025-06-16,196.8854859861783,198.27256505925683,196.1470352061455,198.0031280517578,43020700,0.0,0.0,0.010028022576847206,0.21483331465039074
2025-06-17,196.78567812068002,197.97318035709665,194.79986887227625,195.2289581298828,38856200,0.0,0.0,-0.014010737856372857,0.2161998720124412
2025-06-18,195.52832221137376,197.15490236836843,194.66015499959357,196.16697692871094,45394700,0.0,0.0,0.004804711390223648,0.21672384873284514
2025-06-20,197.8235020126397,201.27622400422058,196.44639652864126,200.57769775390625,96813500,0.0,0.0,0.022484522595249024,0.21957759118137984
2025-06-23,201.20639190632414,201.87498244787415,198.54200324907936,201.07666015625,55814300,0.0,0.0,0.002487626530422782,0.2193802029685055
2025-06-24,202.16436301176623,203.0125832870988,199.77938491343542,199.87918090820312,54064000,0.0,0.0,-0.0059553368706062315,0.1897205892012109
2025-06-25,201.0267661369261,203.2421033073339,200.19850807531137,201.13653564453125,39525700,0.0,0.0,0.006290573788700682,0.16871986065896466
2025-06-26,201.00678701240994,202.2142514946699,199.04094000321476,200.57769775390625,50799100,0.0,0.0,-0.0027784006959959973,0.1690681437518993
2025-06-27,201.4658274879402,202.7930349784745,199.57979899649257,200.65753173828125,73188600,0.0,0.0,0.0003980202448676806,0.16880099900806578
2025-06-30,201.58557286233471,206.95427439094752,198.84135059390303,204.7389373779297,91912800,0.0,0.0,0.020340156705265455,0.18277031006216274
2025-07-01,206.23578409144605,209.74839282792448,205.70689884063935,207.3833770751953,78788900,0.0,0.0,0.01291615425542747,0.18727084499626775
2025-07-02,208.47108532398713,212.8917706186518,207.7026988246806,211.99366760253906,67941800,0.0,0.0,0.022230762139012317,0.20021150796639633
2025-07-03,211.70428104663077,214.19902871499423,211.36499901814886,213.10134887695312,34955800,0.0,0.0,0.00522506774348952,0.1997357448080825
2025-07-07,212.23315593085263,215.77570049162512,208.36131809352125,209.50889587402344,50229000,0.0,0.0,-0.016857955249283796,0.20620347479915058
2025-07-08,209.658593847986,210.98578616820197,208.01205130024096,209.5687713623047,42848900,0.0,0.0,0.00028578971805215403,0.19946919336432492
2025-07-09,209.0897778625777,210.8859991217609,206.78463359109693,210.69639587402344,48749400,0.0,0.0,0.00538068961510163,0.19314535827211274
2025-07-10,210.06771262581316,213.03147386855414,209.58872537016995,211.96372985839844,44443600,0.0,0.0,0.006014977043711456,0.1931351703310653
2025-07-11,210.12759762046792,211.68431760849728,209.41908263784933,210.7163543701172,39765800,0.0,0.0,-0.005884853456365136,0.17861297497662812
2025-07-14,209.48893166698292,210.46688365912564,207.10395364435493,208.1816864013672,38840100,0.0,0.0,-0.01202881464197092,0.18651339378099369
2025-07-15,208.7804390594974,211.44482767792792,208.48106630115817,208.67066955566406,42296300,0.0,0.0,0.0023488288655426626,0.17646675546631801
2025-07-16,209.8581806046168,211.95375954691573,208.2016644692293,209.71847534179688,47490500,0.0,0.0,0.00502133715468478,0.17477893406620632
2025-07-17,210.12759810142074,211.3550095983717,209.14964612579556,209.57875061035156,48068100,0.0,0.0,-0.0006662490332222104,0.16368487717238667
2025-07-18,210.42696659875526,211.34503189230253,209.25942654413325,210.73631286621094,48974600,0.0,0.0,0.005523280640275852,0.16377470200144684
2025-07-21,211.65437808070223,215.3266389893317,211.18536434566,212.0335693359375,51377400,0.0,0.0,0.006155827878369324,0.14838736288064744
2025-07-22,212.69220709721728,214.49840197701596,211.78411528941558,213.94955444335938,46404100,0.0,0.0,0.0090362347501034,0.15000334031527318
2025-07-23,214.54829351654996,214.69797228179937,211.9637386583707,213.7000732421875,46989300,0.0,0.0,-0.001166074880693091,0.14708255534464035
2025-07-24,213.45058781785585,215.2368355364858,213.08137006420023,213.31088256835938,46022600,0.0,0.0,-0.0018212004700020046,0.14777712689534306
2025-07-25,214.24891808809048,214.7877920897316,212.95164630742312,213.43064880371094,40268800,0.0,0.0,0.0005614633154649162,0.14652010445751182
2025-07-28,213.5803337758995,214.39861831079742,212.61237047326716,213.6002960205078,37858000,0.0,0.0,0.0007948587409902785,0.14642796532382502
2025-07-29,213.73000061776605,214.3586818606333,210.37707459375494,210.8261260986328,51411700,0.0,0.0,-0.012987668901023652,0.1423286781500221
2025-07-30,211.454797150492,211.94377315400357,207.28358653790625,208.6107940673828,45512500,0.0,0.0,-0.010507862911703691,0.1417038451851616
2025-07-31,208.0519764228089,209.39913099136336,206.72476887181696,207.1339111328125,80698400,0.0,0.0,-0.007079609380583052,0.11780970281679937
2025-08-01,210.4269720875647,213.1312852679161,201.07666267114303,201.95481872558594,104434500,0.0,0.0,-0.025003594915492977,0.14245956805588347
2025-08-04,204.0803265791815,207.44325668811337,201.25627047720934,202.9227752685547,75109300,0.0,0.0,0.004792936108565904,0.13430487591815435
2025-08-05,202.97265486934364,204.90858140720596,201.73526982787092,202.49366760253906,44155100,0.0,0.0,-0.0021146353111312077,0.13413715823441594
2025-08-06,205.19798558200998,214.9275012748427,205.15806109322384,212.80197143554688,108483100,0.0,0.0,0.05090679602505532,0.22942636953793438
2025-08-07,218.42014073215765,220.38600300495352,216.12496995802366,219.56771850585938,90224800,0.0,0.0,0.031793629657992595,0.2543934671999691
2025-08-08,220.36604479784603,230.5146761138317,218.78936250198095,228.86814880371094,113854000,0.0,0.0,0.04235791290787305,0.28999887695564286
2025-08-11,227.6992650180531,229.33767612130436,224.54232171734583,226.95997619628906,61806100,0.26,0.0,-0.008337431911761617,0.2875283409494457
2025-08-12,227.78917070894937,230.57647717809445,226.8500938879156,229.42758178710938,55626200,0.0,0.0,0.010872426196794072,0.2882811165516312
2025-08-13,230.8462285986664,234.77241529044048,230.2068337695816,233.10403442382812,69878500,0.0,0.0,0.016024457949132653,0.2909724221936354
2025-08-14,233.83332460758467,234.89229562265464,230.6264418350812,232.5545654296875,51916300,0.0,0.0,-0.0023571835446725142,0.29150578187843723
2025-08-15,233.77337703316005,234.0531046408583,229.11788646444978,231.36570739746094,56038700,0.0,0.0,-0.005112168105708581,0.2938677031206819
2025-08-18,231.47561022214762,232.89423321308522,229.88715369469057,230.66639709472656,37476200,0.0,0.0,-0.0030225322092916063,0.2951261233684815
2025-08-19,231.05601964615855,232.64447617946885,229.1278960385577,230.3367156982422,39402600,0.0,0.0,-0.001429256279357305,0.2952749022239787
2025-08-20,229.75726351111018,230.24679444121838,225.55134937034353,225.79110717773438,42263900,0.0,0.0,-0.019734624185850147,0.30660462910894465
2025-08-21,226.05087353353895,226.30063142153253,223.56327948127884,224.68218994140625,30621200,0.0,0.0,-0.004911252928377019,0.30743477401411884
2025-08-22,225.95095699429655,228.8681272027074,225.1916985271248,227.53941345214844,42477800,0.0,0.0,0.012716733406805902,0.30929592573581854
2025-08-25,226.26065308481304,229.07792927219558,226.01089520624416,226.94000244140625,30983100,0.0,0.0,-0.002634317288807808,0.30991542576851644
2025-08-26,226.65028173376106,229.26775474756235,224.4724002828088,229.08792114257812,54575100,0.0,0.0,0.00946469850209164,0.3045511153681068
2025-08-27,228.38860049855515,230.676376013076,228.03893336267103,230.26678466796875,31259500,0.0,0.0,0.005145899965004919,0.2994593422680949
2025-08-28,230.59647266873003,233.18396075811214,229.11789497993007,232.33477783203125,38074700,0.0,0.0,0.008980857430412437,0.29619231426579545
2025-08-29,232.28481317583598,233.15398096397084,231.145917853049,231.91517639160156,39418400,0.0,0.0,-0.0018060207961334562,0.2747391433555776
2025-09-02,229.02798202980685,230.62643860177437,226.75019132336067,229.49752807617188,44075600,0.0,0.0,-0.010424709383172748,0.28164271046623435
2025-09-03,236.98028515930878,238.6186963224971,234.133039090421,238.2390594482422,66427800,0.0,0.0,0.038089871578786294,0.30115617678544987
2025-09-04,238.21906152531412,239.66765417218173,236.51072617258424,239.5477752685547,47549400,0.0,0.0,0.005493288226302795,0.255714433337988
2025-09-05,239.76756781945676,241.08629675958926,238.25903569310344,239.45787048339844,54870400,0.0,0.0,-0.00037531045761318715,0.23763098758952486
2025-09-08,239.06825064349684,239.91741830634814,236.11111057683257,237.64962768554688,48999500,0.0,0.0,-0.007551402650500583,0.19408178968893475
2025-09-09,236.77047435136637,238.5487492683241,233.13400016518182,234.123046875,66313900,0.0,0.0,-0.014839412310012845,0.19993878906840942
2025-09-10,231.96513778704139,232.19491077497392,225.73117543382176,226.5703582763672,83440800,0.0,0.0,-0.03225948363240483,0.22987162355864704
2025-09-11,226.66027725307507,230.22681187017153,226.43048902665416,229.80722045898438,50208600,0.0,0.0,0.014286344459361722,0.22828908594487005
2025-09-12,228.9980136278554,234.28288383192944,228.79821036620638,233.84332275390625,55824200,0.0,0.0,0.017562991653877313,0.23705408918601323
2025-09-15,236.77047667310174,237.95932665324483,234.80238330570734,236.47076416015625,42699500,0.0,0.0,0.011235905200573493,0.23912243277138415
2025-09-16,236.9502954777413,240.98639147239973,236.09114297984144,237.9193572998047,63421100,0.0,0.0,0.006125886829152938,0.2391851187650303
2025-09-17,238.73857528095925,239.86748583209587,237.4997706474641,238.75856018066406,46508000,0.0,0.0,0.003527257682534257,0.2389839166774256
2025-09-18,239.737599946219,240.9664044724694,236.4208079152849,237.64962768554688,44249600,0.0,0.0,-0.004644576907642972,0.22654051971855846
2025-09-19,240.99636870073516,246.06146581163878,239.9773675285625,245.26223754882812,163741300,0.0,0.0,0.03203291306373979,0.24718219109055978
2025-09-22,248.05953649140056,256.3914711896616,247.8797028858207,255.8319854736328,105517400,0.0,0.0,0.043095700465100695,0.2816799601241693
2025-09-23,255.63220171436936,257.0907792625319,253.33442606621003,254.18359375,60275200,0.0,0.0,-0.00644325892472386,0.28355131194842753
2025-09-24,254.9728287261993,255.4923293909784,250.79686899703333,252.06564331054688,42303700,0.0,0.0,-0.00833236483994404,0.28753887851828613
2025-09-25,252.96477212582877,256.9209435623003,251.466224879955,256.6212158203125,55202100,0.0,0.0,0.018072960876120314,0.29129548993100335
2025-09-26,253.8539172209246,257.3505275669758,253.5342198150173,255.2126007080078,46076300,0.0,0.0,-0.0054890828406448655,0.2935817424871715
2025-09-29,254.31347273152574,254.75304905914027,252.76497075706976,254.18359375,40127700,0.0,0.0,-0.004031959845059219,0.29435817748263715
2025-09-30,254.61318058017173,255.67215158054225,252.8648753735947,254.38340759277344,37704300,0.0,0.0,0.0007861004710238984,0.289336654047026
2025-10-01,254.7929996074261,258.53938316103813,254.6831055272507,255.20260620117188,48713900,0.0,0.0,0.003220330351537015,0.26214947695066015
2025-10-02,256.33149581258533,257.9299523535748,253.9038565188199,256.8809814453125,42630200,0.0,0.0,0.006576638338942287,0.26228286575255516
2025-10-03,254.42336451804394,258.9889308017334,253.70406057825727,257.7701110839844,49155600,0.0,0.0,0.0034612513299712155,0.2618594409562258
2025-10-06,257.7401350456914,258.819106172963,254.80299514816292,256.44140625,44664100,0.0,0.0,-0.0051546117135026215,0.2606142753767634
2025-10-07,256.56129542181253,257.15072039039774,255.18262697514498,256.23162841796875,31955800,0.0,0.0,-0.0008180341665524615,0.25181821423557565
2025-10-08,256.2715719294531,258.2696351050741,255.8619653198879,257.8100891113281,36496900,0.0,0.0,0.00616028826380699,0.2107246916365659
2025-10-09,257.5603136690899,257.75013209688524,252.8948383011137,253.79396057128906,38322000,0.0,0.0,-0.01557785637436715,0.22253756471272126
2025-10-10,254.69310389004832,256.13171175032437,243.76369637579657,245.032470703125,61999100,0.0,0.0,-0.03452205816262133,0.2577633980274731
2025-10-13,249.13848619669534,249.44818352992385,245.32217845998096,247.42015075683594,38142900,0.0,0.0,0.009744341420789837,0.25714380742963133
2025-10-14,246.36117950382103,248.60900042906025,244.46301046499008,247.53004455566406,35478000,0.0,0.0,0.00044415864468594357,0.25683956004804054
2025-10-15,249.24838988167792,251.5761352503302,247.2303418581919,249.09852600097656,33893600,0.0,0.0,0.006336529564029414,0.2572391002834593
2025-10-16,248.00958596667436,248.79881419551728,244.8926123625184,247.21035766601562,39777000,0.0,0.0,-0.007580006053321764,0.25848995743880443
2025-10-17,247.77980070207627,253.13461023404025,247.03052706557392,252.045654296875,49147000,0.0,0.0,0.019559441912186948,0.24263780129938692
2025-10-20,255.64218177653177,264.1239650925819,255.3824390623343,261.98602294921875,90483000,0.0,0.0,0.03943876231500254,0.23452979792391776
2025-10-21,261.6263807259345,265.03308188579996,261.5764108568555,262.5155029296875,46695900,0.0,0.0,0.0020210237725979407,0.23274458764565484
2025-10-22,262.3956210979312,262.5954395959732,255.18261234613632,258.19970703125,45015300,0.0,0.0,-0.016440156296572916,0.23908027067713547
2025-10-23,259.68824995662277,260.36758405794774,257.76012648314656,259.3285827636719,32754900,0.0,0.0,0.004372103072468825,0.2311546984504074
2025-10-24,260.93706434715574,263.87421967110856,258.9290010880386,262.56549072265625,38253700,0.0,0.0,0.012481878875396424,0.23363851920060524
2025-10-27,264.6234656652487,268.8593494221352,264.3936774471076,268.5496520996094,44888200,0.0,0.0,0.02279111912415832,0.2443343565275721
2025-10-28,268.7294713644567,269.6286240979669,267.8902885694659,268.7394714355469,41534800,0.0,0.0,0.0007068314349076843,0.24434346403770082
2025-10-29,269.01920560410514,271.1471476128123,266.85129379808274,269.4388122558594,51086700,0.0,0.0,0.0026023003490212027,0.24434126107569737
2025-10-30,271.72657092903916,273.87451306817263,268.2199910571769,271.13714599609375,69886500,0.0,0.0,0.006303226049785504,0.24428758104321568
2025-10-31,276.721738255342,277.05143573891627,268.89933466249033,270.108154296875,86167100,0.0,0.0,-0.0037950967413132863,0.24538901922088519
2025-11-03,270.15812755648943,270.5877038096653,265.9921525413924,268.7894287109375,50194600,0.0,0.0,-0.004882213161503057,0.2452788821182949
2025-11-04,268.0701070960229,271.22705027239556,267.36080327265466,269.7784729003906,49274800,0.0,0.0,0.0036796245826942187,0.24499928568143575
2025-11-05,268.3498399683747,271.43687417180433,266.67147434431234,269.8783874511719,43683100,0.0,0.0,0.0003703577594871277,0.24477417594761847
2025-11-06,267.6305743388968,273.1352174017799,267.6305743388968,269.50872802734375,51204000,0.0,0.0,-0.0013697259247742455,0.23596882265825367
2025-11-07,269.5386899523433,272.02629915101613,266.51162568814635,268.2099914550781,48227400,0.0,0.0,-0.004818903572332056,0.19272946739722105
2025-11-10,268.9599914550781,273.7300109863281,267.4599914550781,269.42999267578125,41312400,0.26,0.0,0.004548679242277531,0.1917695076637538
2025-11-11,269.80999755859375,275.9100036621094,269.79998779296875,275.25,46208300,0.0,0.0,0.021601185771556786,0.20057412828118973
2025-11-12,275.0,275.7300109863281,271.70001220703125,273.4700012207031,48398000,0.0,0.0,-0.006466843884820661,0.20488080154689087
2025-11-13,274.1099853515625,276.70001220703125,272.0899963378906,272.95001220703125,49602800,0.0,0.0,-0.0019014480979659965,0.20130630395330673
2025-11-14,271.04998779296875,275.9599914550781,269.6000061035156,272.4100036621094,47431300,0.0,0.0,-0.0019784155368063328,0.195125397843147
2025-11-17,268.82000732421875,270.489990234375,265.7300109863281,267.4599914550781,45018300,0.0,0.0,-0.018171183658773127,0.16024707698265264
2025-11-18,269.989990234375,270.7099914550781,265.32000732421875,267.44000244140625,45677300,0.0,0.0,-7.473646268785217e-05,0.1602569950102273
2025-11-19,265.5299987792969,272.2099914550781,265.5,268.55999755859375,40424500,0.0,0.0,0.004187836924032684,0.14667267285883873
2025-11-20,270.8299865722656,275.42999267578125,265.9200134277344,266.25,45823600,0.0,0.0,-0.008601420835542606,0.1510645014019826
2025-11-21,265.95001220703125,273.3299865722656,265.6700134277344,271.489990234375,59030800,0.0,0.0,0.019680714495305063,0.159991093466022
2025-11-24,270.8999938964844,277.0,270.8999938964844,275.9200134277344,65585800,0.0,0.0,0.0163174457722548,0.1500230280399048
2025-11-25,275.2699890136719,280.3800048828125,275.25,276.9700012207031,46914200,0.0,0.0,0.003805406428931457,0.1502370241380098
2025-11-26,276.9599914550781,279.5299987792969,276.6300048828125,277.54998779296875,33431400,0.0,0.0,0.0020940411225383038,0.15020071829723855
2025-11-28,277.260009765625,279.0,275.989990234375,278.8500061035156,20135600,0.0,0.0,0.004683906927485104,0.1496265686792408
2025-12-01,278.010009765625,283.4200134277344,276.1400146484375,283.1000061035156,46587700,0.0,0.0,0.015241168753721723,0.1559096158128524
2025-12-02,283.0,287.3999938964844,282.6300048828125,286.19000244140625,53669500,0.0,0.0,0.010914857899228636,0.15621051135701775
2025-12-03,286.20001220703125,288.6199951171875,283.29998779296875,284.1499938964844,43538700,0.0,0.0,-0.00712816145749029,0.1604129461180929
2025-12-04,284.1000061035156,284.7300109863281,278.5899963378906,280.70001220703125,43989100,0.0,0.0,-0.012141410394363561,0.16870175575641147
2025-12-05,280.5400085449219,281.1400146484375,278.04998779296875,278.7799987792969,47265800,0.0,0.0,-0.00684009028940924,0.17125822963111123
2025-12-08,278.1300048828125,279.6700134277344,276.1499938964844,277.8900146484375,38211800,0.0,0.0,-0.00319242461710445,0.17052684201732107
2025-12-09,278.1600036621094,280.0299987792969,276.9200134277344,277.17999267578125,32193300,0.0,0.0,-0.002555046727945598,0.17088810276812105
2025-12-10,277.75,279.75,276.44000244140625,278.7799987792969,33038300,0.0,0.0,0.00577244442526248,0.15462405511972271
2025-12-11,279.1000061035156,279.5899963378906,273.80999755859375,278.0299987792969,33207600,0.0,0.0,-0.0026902934331158868,0.15287940963732533
